SIGMA-LI,DateOf,cecha1,cecha2
PPR-20K,1/4/2010,977,175.86
PPR-20K,1/13/2011,200,42
PPR-20K,1/20/2010,20,3.6
PPR-20K,1/8/2010,200,36
PPR-20K,1/7/2010,20,3.6
PPR-20K,1/21/2010,40,7.2
PPR-20K,1/22/2010,0,0
PPR-20K,1/9/2010,20,3.6
PPR-20K,1/18/2010,10,1.8
PPR-20K,2/16/2010,6,1.08
PPR-20K,1/15/2010,100,18
PPR-20K,1/19/2010,100,18
PPR-20K,1/19/2010,20,3.6
PPR-20K,2/2/2010,4,0.72
PPR-20K,1/12/2010,50,9
PPR-20K,1/13/2010,400,72
PPR-20K,1/19/2010,3,0.54
PPR-20K,1/20/2010,30,5.4
PPR-20K,1/13/2010,0,0
PPR-20K,1/25/2010,20,3.6
PPR-20K,1/25/2010,100,18
PPR-20K,2/3/2010,30,5.4
PPR-20K,2/10/2010,30,5.4
PPR-20K,2/15/2010,10,1.8
PPR-20K,3/1/2010,0,0
PPR-20K,2/16/2010,1,0.18
PPR-20K,3/4/2010,50,9
PPR-20K,2/19/2010,6,1.08
PPR-20K,2/19/2010,6,1.08
PPR-20K,3/4/2010,20,3.6
PPR-20K,3/3/2010,50,9
PPR-20K,3/15/2010,0,0
PPR-20K,3/15/2010,9,1.8
PPR-20K,3/8/2010,30,5.4
PPR-20K,3/3/2010,0,0
PPR-20K,3/1/2010,60,10.8
PPR-20K,3/8/2010,5,0.9
PPR-20K,3/1/2010,0,0
PPR-20K,3/8/2010,40,7.2
PPR-20K,3/1/2010,0,0
PPR-20K,3/1/2010,0,0
PPR-20K,3/9/2010,1000,200
PPR-20K,3/19/2010,4,0.8
PPR-20K,3/2/2010,61,10.98
PPR-20K,3/2/2010,139,25.02
PPR-20K,3/10/2010,40,7.2
PPR-20K,3/15/2010,6,1.08
PPR-20K,3/15/2010,14,2.8
PPR-20K,1/4/2011,10,2.1
PPR-20K,1/4/2011,10,2.1
PPR-20K,4/1/2010,20,4
PPR-20K,3/31/2010,100,20
PPR-20K,3/11/2010,23,4.14
PPR-20K,3/11/2010,3,0.54
PPR-20K,3/11/2010,14,2.8
PPR-20K,4/7/2010,6,1.2
PPR-20K,3/16/2010,10,2
PPR-20K,3/16/2010,10,2
PPR-20K,3/22/2010,20,4
PPR-20K,4/6/2010,4,0.72
PPR-20K,3/17/2010,20,4
PPR-20K,1/4/2011,40,8.4
PPR-20K,3/26/2010,0,0
PPR-20K,4/12/2010,600,120
PPR-20K,3/18/2010,2,0.36
PPR-20K,3/18/2010,58,11.6
PPR-20K,4/20/2010,40,8
PPR-20K,4/20/2010,20,4
PPR-20K,3/26/2010,5,1
PPR-20K,4/8/2010,20,4
PPR-20K,4/20/2010,20,4
PPR-20K,4/1/2010,10,2
PPR-20K,4/1/2010,20,3.6
PPR-20K,4/9/2010,100,20
PPR-20K,4/1/2010,6,1.2
PPR-20K,4/9/2010,50,10
PPR-20K,4/9/2010,10,2
PPR-20K,4/1/2010,8,1.44
PPR-20K,4/1/2010,10,2
PPR-20K,4/2/2010,20,4
PPR-20K,4/16/2010,6,1.2
PPR-20K,4/1/2010,15,3
PPR-20K,4/14/2010,10,2
PPR-20K,3/29/2010,20,4
PPR-20K,4/14/2010,200,40
PPR-20K,3/30/2010,0,0
PPR-20K,5/4/2010,4,0.8
PPR-20K,4/30/2010,4,0.8
PPR-20K,4/30/2010,1000,190
PPR-20K,3/30/2010,20,4
PPR-20K,4/19/2010,0,0
PPR-20K,5/7/2010,40,8
PPR-20K,4/19/2010,20,4
PPR-20K,5/10/2010,40,8
PPR-20K,5/17/2010,100,20
PPR-20K,5/5/2010,40,8
PPR-20K,5/18/2010,20,3.8
PPR-20K,5/18/2010,3,0.6
PPR-20K,5/18/2010,47,8.93
PPR-20K,5/18/2010,200,38
PPR-20K,5/6/2010,40,8
PPR-20K,5/17/2010,55,11
PPR-20K,4/23/2010,30,6
PPR-20K,4/23/2010,79,15.8
PPR-20K,4/23/2010,4,0.72
PPR-20K,4/23/2010,117,23.4
PPR-20K,5/20/2010,40,7.6
PPR-20K,4/26/2010,50,10
PPR-20K,5/19/2010,60,11.4
PPR-20K,5/19/2010,50,9.5
PPR-20K,5/21/2010,50,9.5
PPR-20K,5/14/2010,4,0.8
PPR-20K,5/14/2010,20,4
PPR-20K,4/28/2010,30,6
PPR-20K,6/9/2010,30,5.4
PPR-20K,4/28/2010,50,10
PPR-20K,4/29/2010,0,0
PPR-20K,5/15/2010,7,1.4
PPR-20K,6/9/2010,20,3.8
PPR-20K,6/1/2010,2,0.38
PPR-20K,6/9/2010,30,5.7
PPR-20K,5/29/2010,6,1.14
PPR-20K,5/29/2010,600,126
PPR-20K,5/27/2010,10,1.9
PPR-20K,5/27/2010,8,1.44
PPR-20K,5/27/2010,8,1.44
PPR-20K,6/14/2010,30,5.7
PPR-20K,6/11/2010,20,3.8
PPR-20K,6/14/2010,40,7.6
PPR-20K,6/22/2010,1000,210
PPR-20K,6/15/2010,200,38
PPR-20K,6/22/2010,19,3.99
PPR-20K,6/1/2010,100,19
PPR-20K,1/5/2011,50,10.5
PPR-20K,6/17/2010,75,14.25
PPR-20K,6/17/2010,425,89.25
PPR-20K,6/23/2010,30,6.3
PPR-20K,6/17/2010,20,4.2
PPR-20K,7/2/2010,15,3.15
PPR-20K,6/18/2010,0,0
PPR-20K,7/8/2010,20,4.2
PPR-20K,7/9/2010,20,4.2
PPR-20K,7/10/2010,50,10.5
PPR-20K,7/6/2010,10,2.1
PPR-20K,7/1/2010,10,2.1
PPR-20K,7/6/2010,60,12.6
PPR-20K,7/1/2010,25,5.25
PPR-20K,7/7/2010,6,1.26
PPR-20K,6/28/2010,60,12.6
PPR-20K,7/7/2010,50,10.5
PPR-20K,6/28/2010,21,4.41
PPR-20K,6/28/2010,30,5.4
PPR-20K,6/28/2010,49,10.29
PPR-20K,7/19/2010,0,0
PPR-20K,7/19/2010,400,84
PPR-20K,8/2/2010,6,1.26
PPR-20K,7/19/2010,20,4.2
PPR-20K,7/7/2010,50,10.5
PPR-20K,7/1/2010,20,4.2
PPR-20K,7/1/2010,40,8.4
PPR-20K,7/13/2010,30,6.3
PPR-20K,7/13/2010,23,4.83
PPR-20K,8/2/2010,10,2.1
PPR-20K,7/20/2010,10,2.1
PPR-20K,7/14/2010,30,6.3
PPR-20K,8/1/2010,62,13.02
PPR-20K,8/1/2010,38,7.98
PPR-20K,8/4/2010,40,8.4
PPR-20K,8/2/2010,2,0.42
PPR-20K,7/29/2010,16,3.36
PPR-20K,7/21/2010,600,126
PPR-20K,7/30/2010,200,42
PPR-20K,7/21/2010,25,5.25
PPR-20K,8/6/2010,40,8.4
PPR-20K,8/6/2010,40,8.4
PPR-20K,8/4/2010,2,0.42
PPR-20K,8/2/2010,600,120
PPR-20K,8/9/2010,10,2.1
PPR-20K,8/4/2010,100,21
PPR-20K,7/30/2010,30,6.3
PPR-20K,8/9/2010,600,126
PPR-20K,8/16/2010,8,1.6
PPR-20K,8/9/2010,30,6.3
PPR-20K,8/16/2010,50,10
PPR-20K,8/12/2010,20,4.2
PPR-20K,8/12/2010,16,3.36
PPR-20K,8/12/2010,24,4.8
PPR-20K,9/6/2010,34,6.8
PPR-20K,9/6/2010,66,13.86
PPR-20K,8/30/2010,600,126
PPR-20K,8/30/2010,50,10
PPR-20K,8/26/2010,200,40
PPR-20K,8/20/2010,100,20
PPR-20K,9/7/2010,8,1.68
PPR-20K,9/7/2010,100,21
PPR-20K,1/7/2011,0,0
PPR-20K,9/10/2010,28,5.88
PPR-20K,9/8/2010,2,0.36
PPR-20K,8/24/2010,20,4
PPR-20K,9/8/2010,30,6.3
PPR-20K,8/31/2010,50,10
PPR-20K,9/1/2010,14,2.8
PPR-20K,9/1/2010,27,5.4
PPR-20K,9/2/2010,20,4
PPR-20K,9/15/2010,20,4.2
PPR-20K,9/17/2010,3,0.6
PPR-20K,9/17/2010,348,73.08
PPR-20K,9/17/2010,149,31.29
PPR-20K,9/27/2010,2,0.42
PPR-20K,9/24/2010,20,4.2
PPR-20K,9/21/2010,50,10.5
PPR-20K,9/22/2010,600,126
PPR-20K,10/1/2010,40,8.4
PPR-20K,9/29/2010,20,4.2
PPR-20K,10/20/2010,20,4.2
PPR-20K,10/2/2010,2,0.42
PPR-20K,10/2/2010,20,4.2
PPR-20K,11/3/2010,40,8.4
PPR-20K,9/30/2010,0,0
PPR-20K,10/11/2010,20,4.2
PPR-20K,10/20/2010,50,10.5
PPR-20K,10/15/2010,10,2.1
PPR-20K,10/13/2010,10,2.1
PPR-20K,10/13/2010,37,7.77
PPR-20K,10/13/2010,2,0.36
PPR-20K,10/13/2010,161,33.81
PPR-20K,10/14/2010,4,0.84
PPR-20K,10/9/2010,10,2.1
PPR-20K,10/9/2010,10,2.1
PPR-20K,10/11/2010,400,84
PPR-20K,10/11/2010,200,42
PPR-20K,10/19/2010,200,42
PPR-20K,10/21/2010,20,4.2
PPR-20K,10/25/2010,100,21
PPR-20K,10/27/2010,20,4.2
PPR-20K,10/25/2010,20,4.2
PPR-20K,10/28/2010,50,10.5
PPR-20K,10/28/2010,40,8.4
PPR-20K,10/28/2010,20,4.2
PPR-20K,11/5/2010,50,10.5
PPR-20K,11/8/2010,5,1.05
PPR-20K,11/8/2010,10,2.1
PPR-20K,11/9/2010,10,2.1
PPR-20K,11/8/2010,200,42
PPR-20K,11/16/2010,30,6.3
PPR-20K,11/15/2010,20,4.2
PPR-20K,11/17/2010,10,2.1
PPR-20K,11/17/2010,600,126
PPR-20K,11/18/2010,3,0.63
PPR-20K,11/18/2010,20,4.2
PPR-20K,11/22/2010,0,0
PPR-20K,12/1/2010,15,3.15
PPR-20K,11/22/2010,0,0
PPR-20K,11/22/2010,40,8.4
PPR-20K,12/1/2010,27,5.67
PPR-20K,12/1/2010,3,0.63
PPR-20K,12/3/2010,167,35.07
PPR-20K,12/3/2010,0,0
PPR-20K,12/3/2010,233,48.93
PPR-20K,11/30/2010,8,1.68
PPR-20K,12/3/2010,65,13.65
PPR-20K,12/2/2010,30,6.3
PPR-20K,12/14/2010,50,10.5
PPR-20K,12/15/2010,20,4.2
PPR-20K,12/15/2010,20,4.2
PPR-20K,12/16/2010,600,126
PPR-20K,12/21/2010,200,42
PPR-20K,12/22/2010,30,6.3
PPR-20K,12/29/2010,2,0.4
PPR-20K,12/29/2010,2,0.4
PPR-20K,1/10/2011,6,1.26
PPR-20K,1/11/2011,72,15.12
PPR-20K,1/11/2011,3,0.63
PPR-20K,1/11/2011,125,26.25
PPR-20K,1/12/2011,4,0.84
PPR-20K,1/12/2011,26,5.46
PPR-20K,1/17/2011,20,4.2
PPR-20K,1/17/2011,10,2.1
PPR-20K,1/21/2011,50,10.5
PPR-20K,2/24/2011,272,57.12
PPR-20K,2/24/2011,28,5.88
PPR-20K,1/20/2011,0,0
PPR-20K,1/20/2011,0,0
PPR-20K,1/20/2011,20,4.2
PPR-20K,1/21/2011,8,1.68
PPR-20K,1/21/2011,2,0.42
PPR-20K,1/24/2011,50,10.5
PPR-20K,1/21/2011,800,168
PPR-20K,1/26/2011,40,8.4
PPR-20K,1/26/2011,49,10.29
PPR-20K,1/26/2011,151,31.71
PPR-20K,1/26/2011,49,10.29
PPR-20K,1/26/2011,1,0.21
PPR-20K,1/31/2011,600,126
PPR-20K,2/4/2011,30,6.3
PPR-20K,2/4/2011,20,4.2
PPR-20K,2/7/2011,20,4.2
PPR-20K,2/7/2011,27,5.67
PPR-20K,2/10/2011,200,42
PPR-20K,2/11/2011,502,105.42
PPR-20K,2/11/2011,98,20.58
PPR-20K,2/14/2011,200,42
PPR-20K,2/16/2011,30,6.3
PPR-20K,2/22/2011,1400,294
PPR-20K,3/1/2011,12,2.52
PPR-20K,3/2/2011,50,10.5
PPR-20K,3/2/2011,80,16.8
PPR-20K,3/3/2011,50,10.5
PPR-20K,3/3/2011,30,6.3
PPR-20K,3/3/2011,400,84
PPR-20K,3/7/2011,20,4.2
PPR-20K,3/8/2011,50,10.5
PPR-20K,3/8/2011,50,10.5
PPR-20K,3/8/2011,400,84
PPR-20K,3/10/2011,1,0.21
PPR-20K,3/16/2011,10,2.1
PPR-20K,3/18/2011,25,5.25
PPR-20K,3/21/2011,6,1.26
PPR-20K,3/22/2011,17,3.57
PPR-20K,3/23/2011,40,8.4
PPR-20K,3/24/2011,20,4.2
PPR-20K,3/25/2011,10,2.1
PPR-20K,3/25/2011,30,6.3
PPR-20K,3/28/2011,100,21
PPR-20K,4/1/2011,50,10.5
PPR-20K,4/1/2011,50,10.5
PPR-20K,3/30/2011,40,8.4
PPR-20K,3/30/2011,50,10.5
PPR-20K,3/30/2011,181,38.01
PPR-20K,3/30/2011,219,45.99
PPR-20K,4/1/2011,50,10.5
PPR-20K,4/4/2011,30,6.3
PPR-20K,4/5/2011,20,4.2
PPR-20K,4/5/2011,20,4.2
PPR-20K,4/5/2011,1000,210
PPR-20K,4/8/2011,15,3.15
PPR-20K,4/11/2011,0,0
PPR-20K,4/12/2011,10,2.1
PPR-20K,4/12/2011,12,2.52
PPR-20K,4/14/2011,4,0.84
PPR-20K,4/14/2011,6,1.26
PPR-20K,4/16/2011,5,1.05
PPR-20K,4/18/2011,40,8.4
PPR-20K,4/19/2011,30,6.3
PPR-20K,4/20/2011,600,126
PPR-20K,4/21/2011,800,168
PPR-20K,4/21/2011,20,4.2
PPR-20K,4/22/2011,60,12.6
PPR-20K,5/2/2011,4,0.84
PPR-20K,5/4/2011,15,3.15
PPR-20K,4/29/2011,10,2.1
PPR-20K,4/29/2011,20,4.2
PPR-20K,4/30/2011,100,21
PPR-20K,5/4/2011,6,1.26
PPR-20K,5/5/2011,0,0
PPR-20K,5/5/2011,50,10.5
PPR-20K,5/6/2011,4,0.84
PPR-20K,5/9/2011,0,0
PPR-20K,5/10/2011,100,21
PPR-20K,5/11/2011,2000,380
PPR-20K,5/12/2011,50,10.5
PPR-20K,5/12/2011,10,2.1
PPR-20K,5/12/2011,20,4.2
PPR-20K,5/13/2011,3,0.63
PPR-20K,5/13/2011,50,10.5
PPR-20K,5/18/2011,20,4.2
PPR-20K,5/17/2011,50,10.5
PPR-20K,5/19/2011,8,1.68
PPR-20K,5/19/2011,12,2.52
PPR-20K,5/23/2011,0,0
PPR-20K,5/24/2011,36,7.56
PPR-20K,5/24/2011,4,0.76
PPR-20K,5/24/2011,30,6.3
PPR-20K,5/24/2011,0,0
PPR-20K,5/24/2011,200,38
PPR-20K,5/24/2011,50,9.5
PPR-20K,5/30/2011,20,3.8
PPR-20K,5/30/2011,1,0.21
PPR-20K,5/30/2011,199,37.81
PPR-20K,6/1/2011,0,0
PPR-20K,6/1/2011,6,1.14
PPR-20K,6/2/2011,10,2.1
PPR-20K,6/1/2011,20,4.2
PPR-20K,6/1/2011,20,4.2
PPR-20K,6/8/2011,10,2.1
PPR-20K,6/8/2011,40,7.6
PPR-20K,6/9/2011,12,2.28
PPR-20K,6/9/2011,100,19
PPR-20K,6/9/2011,20,3.8
PPR-20K,6/13/2011,20,3.8
PPR-20K,6/13/2011,50,9.5
PPR-20K,6/13/2011,400,76
PPR-20K,6/14/2011,200,38
PPR-20K,6/13/2011,20,3.8
PPR-20K,6/17/2011,20,3.8
PPR-20K,7/1/2011,100,19
PPR-20K,6/27/2011,30,5.7
PPR-20K,7/1/2011,800,176
PPR-20K,7/8/2011,20,3.8
PPR-20K,7/11/2011,10,1.9
PPR-20K,7/18/2011,30,5.7
PPR-20K,7/19/2011,200,38
PPR-20K,7/21/2011,16,3.04
PPR-20K,7/21/2011,20,3.8
PPR-20K,7/21/2011,200,38
PPR-20K,7/21/2011,13,2.47
PPR-20K,7/21/2011,17,3.74
PPR-20K,7/23/2011,10,2.2
PPR-20K,7/25/2011,100,22
PPR-20K,7/27/2011,30,6.6
PPR-20K,7/29/2011,200,44
PPR-20K,8/1/2011,4,0.88
PPR-20K,8/3/2011,20,4.4
PPR-20K,8/5/2011,13,2.86
PPR-20K,8/9/2011,5,1.1
PPR-20K,8/9/2011,50,11
PPR-20K,8/9/2011,10,2.2
PPR-20K,8/10/2011,28,6.16
PPR-20K,8/12/2011,25,5.5
PPR-20K,8/12/2011,0,0
PPR-20K,8/17/2011,3,0.66
PPR-20K,8/16/2011,800,176
PPR-20K,8/19/2011,50,11
PPR-20K,8/19/2011,0,0
PPR-20K,8/20/2011,20,4.4
PPR-20K,8/22/2011,0,0
PPR-20K,8/24/2011,0,0
PPR-20K,8/24/2011,400,88
PPR-20K,8/24/2011,200,44
PPR-20K,8/26/2011,15,3.3
PPR-20K,8/26/2011,40,8.8
PPR-20K,9/1/2011,4,0.88
PPR-20K,8/30/2011,30,6.6
PPR-20K,8/29/2011,1000,220
PPR-20K,9/1/2011,5,1.1
PPR-20K,9/1/2011,10,2.2
PPR-20K,9/1/2011,3,0.66
PPR-20K,9/1/2011,6,1.32
PPR-20K,9/6/2011,20,4.4
PPR-20K,9/7/2011,6,1.32
PPR-20K,9/7/2011,11,2.42
PPR-20K,9/7/2011,9,1.98
PPR-20K,9/7/2011,25,5.5
PPR-20K,9/8/2011,400,88
PPR-20K,9/8/2011,5,1.1
PPR-20K,9/12/2011,4,0.88
PPR-20K,9/12/2011,0,0
PPR-20K,9/12/2011,0,0
PPR-20K,9/12/2011,2,0.44
PPR-20K,9/12/2011,4,0.88
PPR-20K,9/12/2011,14,3.08
PPR-20K,9/14/2011,102,22.44
PPR-20K,9/14/2011,298,65.56
PPR-20K,9/14/2011,30,6.6
PPR-20K,9/14/2011,50,11
PPR-20K,9/16/2011,50,11
PPR-20K,9/16/2011,20,4.4
PPR-20K,9/19/2011,6,1.32
PPR-20K,9/19/2011,5,1.1
PPR-20K,9/20/2011,600,132
PPR-20K,9/22/2011,20,4.4
PPR-20K,9/22/2011,30,6.6
PPR-20K,9/26/2011,20,4.4
PPR-20K,9/27/2011,1,0.22
PPR-20K,9/28/2011,100,22
PPR-20K,9/29/2011,30,6.6
PPR-20K,10/1/2011,6,1.32
PPR-20K,10/3/2011,12,2.64
PPR-20K,10/3/2011,18,3.96
PPR-20K,10/6/2011,800,176
PPR-20K,10/11/2011,20,4.4
PPR-20K,10/11/2011,2,0.44
PPR-20K,10/11/2011,18,3.96
PPR-20K,10/11/2011,0,0
PPR-20K,10/12/2011,20,4.4
PPR-20K,10/13/2011,15,3.3
PPR-20K,10/17/2011,0,0
PPR-20K,10/14/2011,6,1.32
PPR-20K,10/18/2011,0,0
PPR-20K,10/24/2011,100,22
PPR-20K,10/26/2011,200,44
PPR-20K,11/2/2011,50,11
PPR-20K,11/3/2011,3,0.66
PPR-20K,11/5/2011,15,3.3
PPR-20K,11/10/2011,50,11
PPR-20K,10/31/2011,13,2.86
PPR-20K,11/12/2011,5,1.1
PPR-20K,11/12/2011,54,11.88
PPR-20K,11/12/2011,5,1.1
PPR-20K,11/12/2011,20,4.4
PPR-20K,11/12/2011,207,45.54
PPR-20K,11/12/2011,172,37.84
PPR-20K,11/12/2011,593,130.46
PPR-20K,11/12/2011,6,1.32
PPR-20K,11/12/2011,200,44
PPR-20K,11/12/2011,172,37.84
PPR-20K,11/12/2011,593,130.46
PPR-20K,11/12/2011,6,1.32
PPR-20K,11/12/2011,200,44
PPR-20K,11/14/2011,4,0.88
PPR-20K,11/14/2011,20,4.4
PPR-20K,11/17/2011,12,2.64
PPR-20K,11/15/2011,30,6.6
PPR-20K,11/25/2011,20,4.4
PPR-20K,11/18/2011,6,1.32
PPR-20K,11/25/2011,30,6.6
PPR-20K,11/25/2011,10,2.2
PPR-20K,11/17/2011,10,2.2
PPR-20K,11/28/2011,20,4.4
PPR-20K,11/28/2011,600,132
PPR-20K,11/28/2011,10,2.2
PPR-20K,11/28/2011,30,6.6
PPR-20K,12/1/2011,20,4.4
PPR-20K,11/28/2011,50,11
PPR-20K,11/28/2011,400,88
PPR-20K,12/2/2011,30,6.6
PPR-20K,11/29/2011,4,0.88
PPR-20K,11/30/2011,11,2.42
PPR-20K,12/2/2011,10,2.2
PPR-20K,11/22/2011,10,2.2
PPR-20K,11/22/2011,10,2.2
PPR-20K,12/5/2011,5,1.1
PPR-20K,12/5/2011,25,5.5
PPR-20K,12/5/2011,8,1.76
PPR-20K,12/1/2011,49,10.78
PPR-20K,12/1/2011,6,1.32
PPR-20K,12/1/2011,45,9.9
PPR-20K,12/2/2011,100,22
PPR-20K,11/22/2011,0,0
PPR-20K,12/3/2011,15,3.3
PPR-20K,12/3/2011,5,1.1
PPR-20K,12/3/2011,0,0
PPR-20K,12/3/2011,10,2.2
PPR-20K,11/23/2011,20,4.4
PPR-20K,11/23/2011,0,0
PPR-20K,12/7/2011,20,4.4
PPR-20K,11/23/2011,10,2.2
PPR-20K,12/6/2011,800,176
PPR-20K,12/7/2011,15,3.3
PPR-20K,12/9/2011,5,1.1
PPR-20K,12/1/2011,10,2.2
PPR-20K,11/24/2011,15,3.3
PPR-20K,12/12/2011,3,0.66
PPR-20K,12/14/2011,300,66
PPR-20K,12/16/2011,50,11
PPR-20K,12/15/2011,14,3.08
PPR-20K,12/19/2011,10,2.2
PPR-20K,12/19/2011,400,88
PPR-20K,12/20/2011,22,4.84
PPR-20K,1/5/2012,91,20.02
PPR-20K,1/5/2012,9,1.98
PPR-20K,1/2/2012,10,2.2
PPR-20K,12/22/2011,16,3.52
PPR-20K,12/22/2011,20,4.4
PPR-20K,1/2/2012,10,2.2
PPR-20K,12/22/2011,10,2.2
PPR-20K,1/11/2012,30,6.6
PPR-20K,1/9/2012,20,4.4
PPR-20K,12/23/2011,10,2.2
PPR-20K,12/23/2011,10,2.2
PPR-20K,12/30/2011,1,0.22
PPR-20K,1/13/2012,200,44
PPR-20K,1/9/2012,50,11
PPR-20K,1/9/2012,300,66
PPR-20K,1/10/2012,100,22
PPR-20K,1/17/2012,4,0.88
PPR-20K,1/13/2012,20,4.4
PPR-20K,1/16/2012,10,2.2
PPR-20K,1/20/2012,30,6.6
PPR-20K,1/23/2012,1000,210
PPR-20K,1/23/2012,27,5.94
PPR-20K,1/23/2012,3,0.66
PPR-20K,1/23/2012,70,15.4
PPR-20K,1/23/2012,1000,210
PPR-20K,1/19/2012,4,0.88
PPR-20K,1/23/2012,1000,210
PPR-20K,2/6/2012,20,4.2
PPR-20K,1/24/2012,20,4.4
PPR-20K,2/7/2012,600,132
PPR-20K,1/25/2012,40,8.8
PPR-20K,2/1/2012,16,3.52
PPR-20K,2/10/2012,4,0.84
PPR-20K,1/27/2012,10,2.2
PPR-20K,2/1/2012,6,1.32
PPR-20K,2/16/2012,20,4.2
PPR-20K,2/20/2012,10,2.1
PPR-20K,2/1/2012,20,4.4
PPR-20K,2/20/2012,12,2.64
PPR-20K,2/20/2012,12,2.64
PPR-20K,2/20/2012,3,0.63
PPR-20K,2/2/2012,218,47.96
PPR-20K,2/2/2012,10,2.2
PPR-20K,2/2/2012,4,0.88
PPR-20K,2/2/2012,68,14.28
PPR-20K,2/2/2012,100,21
PPR-20K,2/3/2012,10,2.1
PPR-20K,3/5/2012,60,12.6
PPR-20K,2/28/2012,50,10.5
PPR-20K,2/28/2012,50,10.5
PPR-20K,3/1/2012,10,2.1
PPR-20K,3/1/2012,20,4.2
PPR-20K,3/9/2012,20,4.2
PPR-20K,3/6/2012,30,6.3
PPR-20K,3/9/2012,20,4.2
PPR-20K,3/9/2012,30,6.3
PPR-20K,3/1/2012,20,4.2
PPR-20K,3/13/2012,40,8.4
PPR-20K,3/7/2012,20,4.2
PPR-20K,3/8/2012,20,4.2
PPR-20K,3/8/2012,200,42
PPR-20K,3/8/2012,24,5.04
PPR-20K,3/19/2012,200,44
PPR-20K,3/16/2012,30,6.3
PPR-20K,3/16/2012,121,25.41
PPR-20K,3/16/2012,179,39.38
PPR-20K,3/16/2012,100,22
PPR-20K,3/21/2012,1200,264
PPR-20K,3/17/2012,16,3.52
PPR-20K,4/5/2012,10,2.2
PPR-20K,4/5/2012,100,22
PPR-20K,4/12/2012,30,6.6
PPR-20K,4/4/2012,10,2.2
PPR-20K,3/23/2012,50,11
PPR-20K,5/2/2012,200,44
PPR-20K,5/2/2012,200,44
PPR-20K,5/2/2012,200,44
PPR-20K,5/2/2012,200,44
PPR-20K,5/2/2012,200,44
PPR-20K,5/2/2012,200,44
PPR-20K,5/2/2012,200,44
PPR-20K,5/2/2012,200,44
PPR-20K,4/13/2012,20,4.4
PPR-20K,5/16/2012,125,27.5
PPR-20K,5/16/2012,175,38.5
PPR-20K,5/7/2012,175,38.5
PPR-20K,5/7/2012,25,5.5
PPR-20K,3/26/2012,10,2.2
PPR-20K,4/16/2012,10,2.2
PPR-20K,5/4/2012,50,11
PPR-20K,5/4/2012,10,2.2
PPR-20K,3/27/2012,45,9.9
PPR-20K,3/27/2012,5,1.1
PPR-20K,5/2/2012,20,4.4
PPR-20K,5/2/2012,20,4.4
PPR-20K,5/7/2012,100,22
PPR-20K,5/7/2012,10,2.2
PPR-20K,4/18/2012,30,6.6
PPR-20K,5/9/2012,20,4.4
PPR-20K,5/14/2012,40,8.8
PPR-20K,3/29/2012,10,2.2
PPR-20K,5/9/2012,50,11
PPR-20K,5/10/2012,40,8.8
PPR-20K,4/19/2012,50,11
PPR-20K,5/10/2012,50,11
PPR-20K,5/11/2012,15,3.3
PPR-20K,5/11/2012,5,1.1
PPR-20K,5/12/2012,10,2.2
PPR-20K,5/14/2012,20,4.4
PPR-20K,5/17/2012,25,5.5
PPR-20K,5/17/2012,75,16.5
PPR-20K,4/20/2012,50,11
PPR-20K,5/17/2012,10,2.2
PPR-20K,5/18/2012,30,6.6
PPR-20K,4/23/2012,400,88
PPR-20K,5/23/2012,20,4.4
PPR-20K,5/25/2012,40,8.8
PPR-20K,5/28/2012,10,2.2
PPR-20K,4/24/2012,10,2.2
PPR-20K,4/24/2012,10,2.2
PPR-20K,5/24/2012,20,4.4
PPR-20K,6/1/2012,135,29.7
PPR-20K,6/1/2012,65,14.3
PPR-20K,6/1/2012,10,2.2
PPR-20K,5/28/2012,5,1.1
PPR-20K,5/28/2012,45,9.9
PPR-20K,6/1/2012,10,2.2
PPR-20K,5/31/2012,50,11
PPR-20K,5/30/2012,600,138
PPR-20K,6/4/2012,400,92
PPR-20K,6/4/2012,75,16.5
PPR-20K,6/4/2012,25,5.5
PPR-20K,6/5/2012,40,8.8
PPR-20K,4/26/2012,50,11
PPR-20K,6/6/2012,50,11
PPR-20K,6/11/2012,14,3.08
PPR-20K,6/11/2012,71,15.62
PPR-20K,6/11/2012,29,6.38
PPR-20K,5/2/2012,0,0
PPR-20K,5/2/2012,20,4.4
PPR-20K,6/13/2012,10,2.2
PPR-20K,6/13/2012,10,2.2
PPR-20K,6/18/2012,40,8.8
PPR-20K,6/16/2012,100,22
PPR-20K,6/20/2012,11,2.42
PPR-20K,6/20/2012,9,2.07
PPR-20K,6/21/2012,20,4.6
PPR-20K,6/20/2012,200,46
PPR-20K,6/25/2012,371,85.33
PPR-20K,6/25/2012,29,6.67
PPR-20K,6/26/2012,50,11.5
PPR-20K,6/26/2012,10,2.3
PPR-20K,6/26/2012,200,46
PPR-20K,6/26/2012,200,46
PPR-20K,6/26/2012,200,46
PPR-20K,6/26/2012,200,46
PPR-20K,6/26/2012,200,46
PPR-20K,6/26/2012,14,3.22
PPR-20K,7/2/2012,10,2.3
PPR-20K,7/4/2012,20,4.6
PPR-20K,7/2/2012,6,1.38
PPR-20K,7/13/2012,50,11.5
PPR-20K,7/16/2012,200,46
PPR-20K,7/17/2012,11,2.53
PPR-20K,7/17/2012,9,2.07
PPR-20K,7/18/2012,200,46
PPR-20K,7/18/2012,200,46
PPR-20K,7/18/2012,30,6.9
PPR-20K,7/19/2012,200,46
PPR-20K,7/19/2012,20,4.6
PPR-20K,7/20/2012,30,6.9
PPR-20K,8/1/2012,10,2.3
PPR-20K,7/20/2012,20,4.6
PPR-20K,7/27/2012,200,46
PPR-20K,8/1/2012,41,9.43
PPR-20K,8/1/2012,9,2.07
PPR-20K,7/26/2012,20,4.6
PPR-20K,7/30/2012,20,4.6
PPR-20K,7/26/2012,20,4.6
PPR-20K,7/26/2012,61,14.03
PPR-20K,7/26/2012,200,46
PPR-20K,7/26/2012,139,31.97
PPR-20K,8/1/2012,25,5.75
PPR-20K,7/30/2012,1,0.23
PPR-20K,8/3/2012,20,4.6
PPR-20K,8/1/2012,20,4.6
PPR-20K,8/1/2012,20,4.6
PPR-20K,8/3/2012,50,11.5
PPR-20K,8/3/2012,10,2.3
PPR-20K,8/9/2012,25,5.75
PPR-20K,8/9/2012,175,40.25
PPR-20K,8/13/2012,25,5.75
PPR-20K,8/13/2012,5,1.15
PPR-20K,8/14/2012,20,4.6
PPR-20K,8/24/2012,15,3.45
PPR-20K,9/1/2012,20,4.6
PPR-20K,9/1/2012,10,2.3
PPR-20K,8/27/2012,150,34.5
PPR-20K,8/27/2012,150,34.5
PPR-20K,8/28/2012,50,11.5
PPR-20K,8/28/2012,50,11.5
PPR-20K,8/29/2012,20,4.6
PPR-20K,8/31/2012,20,4.6
PPR-20K,9/3/2012,4,0.92
PPR-20K,9/1/2012,30,6.9
PPR-20K,9/4/2012,17,3.91
PPR-20K,9/4/2012,200,46
PPR-20K,9/4/2012,200,46
PPR-20K,9/4/2012,200,46
PPR-20K,9/4/2012,200,46
PPR-20K,9/4/2012,200,46
PPR-20K,9/4/2012,200,46
PPR-20K,9/6/2012,0,0
PPR-20K,9/6/2012,0,0
PPR-20K,9/6/2012,100,23
PPR-20K,9/7/2012,7,1.61
PPR-20K,9/11/2012,49,11.27
PPR-20K,9/11/2012,17,3.91
PPR-20K,9/11/2012,200,46
PPR-20K,9/11/2012,34,7.82
PPR-20K,9/11/2012,100,23
PPR-20K,9/18/2012,4,0.92
PPR-20K,9/17/2012,30,6.9
PPR-20K,9/20/2012,20,4.6
PPR-20K,9/19/2012,32,7.36
PPR-20K,9/19/2012,8,1.84
PPR-20K,9/26/2012,20,4.6
PPR-20K,9/24/2012,172,39.56
PPR-20K,9/24/2012,28,6.44
PPR-20K,9/24/2012,30,6.9
PPR-20K,9/24/2012,20,4.6
PPR-20K,9/24/2012,5,1.15
PPR-20K,9/25/2012,60,13.8
PPR-20K,9/27/2012,2,0.46
PPR-20K,9/27/2012,37,8.51
PPR-20K,9/27/2012,13,2.99
PPR-20K,9/27/2012,8,1.84
PPR-20K,10/1/2012,40,9.2
PPR-20K,10/3/2012,30,6.9
PPR-20K,10/2/2012,200,46
PPR-20K,10/2/2012,200,46
PPR-20K,10/2/2012,200,46
PPR-20K,10/2/2012,200,46
PPR-20K,10/1/2012,10,2.3
PPR-20K,10/3/2012,10,2.3
PPR-20K,10/3/2012,50,11.5
PPR-20K,10/8/2012,15,3.45
PPR-20K,10/5/2012,30,6.9
PPR-20K,10/10/2012,10,2.3
PPR-20K,10/8/2012,2,0.46
PPR-20K,10/8/2012,200,46
PPR-20K,10/8/2012,2,0.46
PPR-20K,10/8/2012,8,1.84
PPR-20K,10/8/2012,200,46
PPR-20K,10/8/2012,188,43.24
PPR-20K,10/10/2012,2,0.46
PPR-20K,10/10/2012,38,8.74
PPR-20K,10/15/2012,9,2.07
PPR-20K,10/10/2012,20,4.6
PPR-20K,10/12/2012,20,4.6
PPR-20K,10/15/2012,10,2.3
PPR-20K,10/16/2012,200,46
PPR-20K,10/16/2012,200,46
PPR-20K,10/16/2012,200,46
PPR-20K,10/16/2012,200,46
PPR-20K,10/16/2012,200,46
PPR-20K,10/16/2012,200,46
PPR-20K,10/17/2012,20,4.6
PPR-20K,10/18/2012,10,2.3
PPR-20K,10/17/2012,20,4.6
PPR-20K,11/10/2012,1,0.22
PPR-20K,10/23/2012,6,1.38
PPR-20K,10/23/2012,14,3.22
PPR-20K,11/5/2012,20,4.6
PPR-20K,10/30/2012,10,2.3
PPR-20K,11/6/2012,22,5.06
PPR-20K,11/6/2012,28,6.44
PPR-20K,10/25/2012,30,6.9
PPR-20K,10/25/2012,10,2.3
PPR-20K,11/8/2012,10,2.3
PPR-20K,10/31/2012,20,4.6
PPR-20K,11/8/2012,162,37.26
PPR-20K,11/8/2012,9,2.07
PPR-20K,11/8/2012,29,6.67
PPR-20K,10/26/2012,20,4.6
PPR-20K,11/11/2012,15,3.45
PPR-20K,11/11/2012,1,0.23
PPR-20K,11/11/2012,200,46
PPR-20K,11/12/2012,10,2.3
PPR-20K,10/20/2014,30,6.9
PPR-20K,10/27/2012,10,2.3
PPR-20K,11/12/2012,90,20.7
PPR-20K,11/12/2012,30,6.9
PPR-20K,11/12/2012,25,5.75
PPR-20K,11/12/2012,35,8.05
PPR-20K,11/17/2012,20,4.6
PPR-20K,11/16/2012,10,2.3
PPR-20K,11/19/2012,6,1.38
PPR-20K,11/19/2012,1,0.23
PPR-20K,11/20/2012,200,46
PPR-20K,11/20/2012,200,46
PPR-20K,11/20/2012,200,46
PPR-20K,11/20/2012,10,2.3
PPR-20K,11/22/2012,20,4.6
PPR-20K,11/22/2012,40,9.2
PPR-20K,11/27/2012,48,11.04
PPR-20K,11/27/2012,2,0.46
PPR-20K,12/1/2012,10,2.3
PPR-20K,11/30/2012,20,4.6
PPR-20K,12/1/2012,10,2.3
PPR-20K,11/29/2012,10,2.3
PPR-20K,12/4/2012,10,2.3
PPR-20K,12/1/2012,20,4.6
PPR-20K,12/4/2012,40,9.2
PPR-20K,12/4/2012,10,2.3
PPR-20K,12/5/2012,20,4.6
PPR-20K,12/10/2012,20,4.6
PPR-20K,12/11/2012,5,1.15
PPR-20K,12/12/2012,33,7.59
PPR-20K,12/12/2012,67,15.41
PPR-20K,12/14/2012,20,4.6
PPR-20K,1/7/2013,20,4.6
PPR-20K,1/8/2013,2,0.46
PPR-20K,1/8/2013,198,45.54
PPR-20K,1/14/2013,20,4.6
PPR-20K,12/19/2012,10,2.3
PPR-20K,1/16/2013,155,35.65
PPR-20K,1/16/2013,200,46
PPR-20K,1/16/2013,45,10.35
PPR-20K,1/10/2013,2,0.46
PPR-20K,1/10/2013,2,0.46
PPR-20K,1/16/2013,4,0.92
PPR-20K,1/16/2013,15,3.45
PPR-20K,1/15/2013,4,0.92
PPR-20K,1/16/2013,155,35.65
PPR-20K,1/16/2013,45,10.35
PPR-20K,12/21/2012,200,46
PPR-20K,12/21/2012,200,46
PPR-20K,12/21/2012,200,46
PPR-20K,1/21/2013,10,2.3
PPR-20K,1/22/2013,200,46
PPR-20K,1/22/2013,200,46
PPR-20K,1/22/2013,200,46
PPR-20K,1/22/2013,200,46
PPR-20K,1/22/2013,200,46
PPR-20K,1/23/2013,135,31.05
PPR-20K,1/23/2013,200,46
PPR-20K,1/23/2013,65,14.95
PPR-20K,1/21/2013,10,2.3
PPR-20K,1/24/2013,30,6.9
PPR-20K,1/7/2013,6,1.38
PPR-20K,1/7/2013,50,11.5
PPR-20K,1/28/2013,10,2.3
PPR-20K,1/28/2013,20,4.6
PPR-20K,2/1/2013,20,4.6
PPR-20K,6/18/2013,200,46
PPR-20K,6/18/2013,200,46
PPR-20K,6/18/2013,200,46
PPR-20K,6/18/2013,200,46
PPR-20K,6/18/2013,200,46
PPR-20K,2/4/2013,10,2.3
PPR-20K,2/7/2013,20,4.6
PPR-20K,2/7/2013,10,2.3
PPR-20K,2/5/2013,30,6.9
PPR-20K,2/5/2013,9,2.07
PPR-20K,2/6/2013,15,3.45
PPR-20K,2/6/2013,5,1.15
PPR-20K,2/22/2013,30,6.9
PPR-20K,2/22/2013,10,2.3
PPR-20K,2/9/2013,20,4.6
PPR-20K,2/11/2013,10,2.3
PPR-20K,1/2/2013,10,2.3
PPR-20K,1/2/2013,15,3.45
PPR-20K,2/12/2013,20,4.6
PPR-20K,2/12/2013,200,46
PPR-20K,2/12/2013,200,46
PPR-20K,2/12/2013,200,46
PPR-20K,3/1/2013,10,2.3
PPR-20K,2/27/2013,30,6.9
PPR-20K,3/2/2013,4,0.92
PPR-20K,3/1/2013,10,2.3
PPR-20K,3/4/2013,40,9.2
PPR-20K,1/31/2013,10,2.3
PPR-20K,3/4/2013,20,4.6
PPR-20K,3/6/2013,20,4.6
PPR-20K,3/7/2013,20,4.6
PPR-20K,3/12/2013,86,19.78
PPR-20K,3/12/2013,200,46
PPR-20K,3/12/2013,114,26.22
PPR-20K,3/12/2013,4,0.92
PPR-20K,3/14/2013,20,4.6
PPR-20K,3/14/2013,15,3.45
PPR-20K,2/21/2013,35,8.05
PPR-20K,3/18/2013,10,2.3
PPR-20K,3/19/2013,41,9.43
PPR-20K,3/19/2013,109,25.07
PPR-20K,3/19/2013,4,0.92
PPR-20K,3/19/2013,91,20.93
PPR-20K,3/19/2013,9,2.07
PPR-20K,3/19/2013,100,23
PPR-20K,3/19/2013,10,2.3
PPR-20K,3/20/2013,15,3.45
PPR-20K,3/20/2013,30,6.9
PPR-20K,3/2/2015,10,2.3
PPR-20K,3/28/2013,200,46
PPR-20K,3/28/2013,200,46
PPR-20K,3/28/2013,200,46
PPR-20K,3/28/2013,200,46
PPR-20K,4/2/2013,15,3.45
PPR-20K,4/3/2013,20,4.6
PPR-20K,4/3/2013,10,2.3
PPR-20K,4/3/2013,10,2.3
PPR-20K,4/5/2013,20,4.6
PPR-20K,4/5/2013,15,3.45
PPR-20K,4/5/2013,10,2.3
PPR-20K,4/8/2013,135,31.05
PPR-20K,4/8/2013,65,14.95
PPR-20K,4/6/2013,10,2.3
PPR-20K,4/12/2013,1,0.23
PPR-20K,4/9/2013,20,4.6
PPR-20K,4/12/2013,1,0.23
PPR-20K,4/9/2013,30,6.9
PPR-20K,4/12/2013,4,0.92
PPR-20K,4/9/2013,20,4.6
PPR-20K,4/17/2013,200,46
PPR-20K,4/17/2013,200,46
PPR-20K,4/16/2013,50,11.5
PPR-20K,4/16/2013,10,2.3
PPR-20K,4/16/2013,4,0.92
PPR-20K,4/16/2013,4,0.92
PPR-20K,4/16/2013,132,30.36
PPR-20K,4/19/2013,30,6.9
PPR-20K,4/11/2013,10,2.3
PPR-20K,4/4/2013,8,1.84
PPR-20K,4/4/2013,12,2.76
PPR-20K,4/18/2013,30,6.9
PPR-20K,4/23/2013,10,2.3
PPR-20K,4/22/2013,20,4.6
PPR-20K,4/23/2013,158,36.34
PPR-20K,4/23/2013,200,46
PPR-20K,4/23/2013,42,9.66
PPR-20K,4/24/2013,40,9.2
PPR-20K,4/26/2013,20,4.6
PPR-20K,5/2/2013,2,0.46
PPR-20K,4/26/2013,30,6.9
PPR-20K,5/2/2013,20,4.6
PPR-20K,5/2/2013,10,2.3
PPR-20K,5/2/2013,30,6.9
PPR-20K,5/2/2013,200,46
PPR-20K,5/2/2013,200,46
PPR-20K,5/2/2013,200,46
PPR-20K,5/2/2013,200,46
PPR-20K,5/6/2013,6,1.38
PPR-20K,5/6/2013,1,0.23
PPR-20K,5/6/2013,3,0.69
PPR-20K,5/7/2013,10,2.3
PPR-20K,5/6/2013,20,4.6
PPR-20K,5/9/2013,20,4.6
PPR-20K,5/10/2013,19,4.37
PPR-20K,5/10/2013,1,0.23
PPR-20K,5/9/2013,100,23
PPR-20K,5/9/2013,20,4.6
PPR-20K,5/10/2013,10,2.3
PPR-20K,5/10/2013,10,2.3
PPR-20K,5/10/2013,8,1.84
PPR-20K,5/10/2013,2,0.46
PPR-20K,5/13/2013,20,4.6
PPR-20K,5/14/2013,20,4.6
PPR-20K,5/16/2013,5,1.15
PPR-20K,5/15/2013,20,4.6
PPR-20K,5/21/2013,50,11.5
PPR-20K,5/21/2013,124,28.52
PPR-20K,5/21/2013,76,17.48
PPR-20K,5/22/2013,30,6.9
PPR-20K,5/24/2013,30,6.9
PPR-20K,5/28/2013,200,46
PPR-20K,5/28/2013,200,46
PPR-20K,5/28/2013,200,46
PPR-20K,5/27/2013,14,3.22
PPR-20K,5/27/2013,46,10.58
PPR-20K,5/28/2013,60,13.8
PPR-20K,5/28/2013,80,18.4
PPR-20K,6/1/2013,4,0.92
PPR-20K,6/3/2013,20,4.6
PPR-20K,6/3/2013,10,2.3
PPR-20K,6/3/2013,20,4.6
PPR-20K,6/5/2013,50,11.5
PPR-20K,6/6/2013,30,6.9
PPR-20K,6/5/2013,40,9.2
PPR-20K,6/7/2013,66,31.68
PPR-20K,6/7/2013,14,6.72
PPR-20K,6/7/2013,1,2.32
PPR-20K,6/7/2013,37,85.84
PPR-20K,6/7/2013,3,6.96
PPR-20K,6/7/2013,16,5.44
PPR-20K,6/7/2013,2,1
PPR-20K,6/7/2013,40,9.2
PPR-20K,6/7/2013,30,6.9
PPR-20K,6/7/2013,8,1.52
PPR-20K,6/7/2013,66,31.68
PPR-20K,6/7/2013,14,6.72
PPR-20K,6/7/2013,1,2.32
PPR-20K,6/7/2013,37,85.84
PPR-20K,6/7/2013,3,6.96
PPR-20K,6/7/2013,16,5.44
PPR-20K,6/7/2013,2,1
PPR-20K,6/7/2013,1,0.37
PPR-20K,6/7/2013,1,0.51
PPR-20K,6/7/2013,1,0.56
PPR-20K,6/7/2013,2,6.46
PPR-20K,6/7/2013,5,15.4
PPR-20K,6/7/2013,1,3.2
PPR-20K,6/7/2013,8,1.52
PPR-20K,6/7/2013,1,0.37
PPR-20K,6/7/2013,1,0.51
PPR-20K,6/7/2013,1,0.56
PPR-20K,6/7/2013,2,6.46
PPR-20K,6/7/2013,5,15.4
PPR-20K,6/7/2013,1,3.2
PPR-20K,6/7/2013,8,1.52
PPR-20K,6/7/2013,66,31.68
PPR-20K,6/7/2013,14,6.72
PPR-20K,6/7/2013,1,2.32
PPR-20K,6/7/2013,37,85.84
PPR-20K,6/7/2013,3,6.96
PPR-20K,6/7/2013,16,5.44
PPR-20K,6/7/2013,2,1
PPR-20K,6/7/2013,1,0.37
PPR-20K,6/7/2013,1,0.51
PPR-20K,6/7/2013,1,0.56
PPR-20K,6/7/2013,2,6.46
PPR-20K,6/7/2013,5,15.4
PPR-20K,6/7/2013,1,3.2
PPR-20K,6/11/2013,30,6.9
PPR-20K,6/10/2013,2,0.46
PPR-20K,6/10/2013,20,4.6
PPR-20K,6/10/2013,30,6.9
PPR-20K,6/12/2013,20,4.6
PPR-20K,6/11/2013,15,3.45
PPR-20K,6/11/2013,75,17.25
PPR-20K,6/11/2013,10,2.3
PPR-20K,6/11/2013,2,0.46
PPR-20K,6/11/2013,200,46
PPR-20K,6/11/2013,113,25.99
PPR-20K,6/12/2013,40,9.2
PPR-20K,6/20/2013,7,1.61
PPR-20K,6/20/2013,8,1.52
PPR-20K,6/20/2013,66,31.68
PPR-20K,6/20/2013,14,6.72
PPR-20K,6/20/2013,1,2.32
PPR-20K,6/20/2013,37,85.84
PPR-20K,6/20/2013,3,6.96
PPR-20K,6/20/2013,16,5.44
PPR-20K,6/20/2013,2,1
PPR-20K,6/20/2013,1,0.37
PPR-20K,6/20/2013,1,0.51
PPR-20K,6/20/2013,1,0.56
PPR-20K,6/20/2013,2,6.46
PPR-20K,6/20/2013,5,15.4
PPR-20K,6/20/2013,1,3.2
PPR-20K,6/20/2013,2,0.46
PPR-20K,6/20/2013,33,7.59
PPR-20K,6/21/2013,20,4.6
PPR-20K,6/13/2013,27,6.21
PPR-20K,6/13/2013,13,2.99
PPR-20K,6/15/2013,20,4.6
PPR-20K,6/24/2013,40,9.2
PPR-20K,7/1/2013,10,2.3
PPR-20K,6/28/2013,40,9.2
PPR-20K,6/29/2013,10,2.3
PPR-20K,7/2/2013,100,23
PPR-20K,6/25/2013,20,4.6
PPR-20K,7/1/2013,20,4.6
PPR-20K,6/26/2013,10,2.3
PPR-20K,7/3/2013,10,2.3
PPR-20K,7/2/2013,7,1.61
PPR-20K,7/2/2013,33,7.59
PPR-20K,7/2/2013,20,4.6
PPR-20K,7/4/2013,20,4.6
PPR-20K,7/4/2013,17,3.91
PPR-20K,7/4/2013,183,42.09
PPR-20K,7/4/2013,17,3.91
PPR-20K,7/4/2013,33,7.59
PPR-20K,7/8/2013,8,1.84
PPR-20K,7/9/2013,10,2.3
PPR-20K,7/9/2013,20,4.4
PPR-20K,7/9/2013,1,0.23
PPR-20K,7/9/2013,1,0.23
PPR-20K,7/9/2013,40,9.2
PPR-20K,7/9/2013,50,11
PPR-20K,7/9/2013,5,1.15
PPR-20K,7/9/2013,109,25.07
PPR-20K,7/9/2013,200,46
PPR-20K,7/9/2013,91,20.02
PPR-20K,7/10/2013,200,46
PPR-20K,7/10/2013,200,46
PPR-20K,7/10/2013,200,46
PPR-20K,7/10/2013,200,46
PPR-20K,7/10/2013,200,46
PPR-20K,7/10/2013,24,5.28
PPR-20K,7/10/2013,15,3.3
PPR-20K,7/10/2013,25,5.5
PPR-20K,7/12/2013,52,11.44
PPR-20K,7/12/2013,58,12.76
PPR-20K,7/12/2013,4,0.92
PPR-20K,7/16/2013,30,6.6
PPR-20K,7/19/2013,20,4.6
PPR-20K,7/20/2013,10,2.3
PPR-20K,7/18/2013,35,7.7
PPR-20K,7/18/2013,10,2.3
PPR-20K,7/18/2013,5,1.15
PPR-20K,7/18/2013,40,9.2
PPR-20K,7/23/2013,30,6.9
PPR-20K,6/17/2013,200,44
PPR-20K,6/17/2013,200,44
PPR-20K,6/17/2013,200,46
PPR-20K,6/17/2013,200,46
PPR-20K,6/17/2013,200,46
PPR-20K,6/17/2013,200,46
PPR-20K,6/17/2013,200,46
PPR-20K,7/23/2013,20,4.6
PPR-20K,6/17/2013,40,9.2
PPR-20K,7/23/2013,50,11.5
PPR-20K,7/18/2013,1,0.23
PPR-20K,6/18/2013,200,46
PPR-20K,6/18/2013,200,46
PPR-20K,6/18/2013,200,46
PPR-20K,6/18/2013,200,46
PPR-20K,6/18/2013,200,46
PPR-20K,6/18/2013,200,44
PPR-20K,6/18/2013,200,44
PPR-20K,6/18/2013,200,44
PPR-20K,6/18/2013,200,44
PPR-20K,6/19/2013,20,4.6
PPR-20K,6/19/2013,100,23
PPR-20K,8/1/2013,20,4.6
PPR-20K,7/25/2013,9,2.07
PPR-20K,7/25/2013,21,4.83
PPR-20K,3/23/2015,30,6.9
PPR-20K,8/8/2013,20,4.6
PPR-20K,7/31/2013,20,4.6
PPR-20K,8/13/2013,15,3.45
PPR-20K,8/13/2013,174,40.02
PPR-20K,8/13/2013,200,46
PPR-20K,8/13/2013,26,5.98
PPR-20K,8/13/2013,10,2.3
PPR-20K,8/13/2013,20,4.6
PPR-20K,7/31/2013,40,9.2
PPR-20K,7/31/2013,200,46
PPR-20K,7/31/2013,200,46
PPR-20K,8/14/2013,20,4.6
PPR-20K,8/14/2013,20,4.6
PPR-20K,8/12/2013,89,20.47
PPR-20K,8/12/2013,11,2.53
PPR-20K,8/14/2013,5,1.15
PPR-20K,8/17/2013,20,4.6
PPR-20K,8/1/2013,6,1.38
PPR-20K,9/2/2013,20,4.6
PPR-20K,8/2/2013,10,2.3
PPR-20K,8/21/2013,11,2.53
PPR-20K,8/21/2013,25,5.75
PPR-20K,8/21/2013,11,2.53
PPR-20K,8/21/2013,25,5.75
PPR-20K,8/26/2013,13,2.99
PPR-20K,8/26/2013,4,0.92
PPR-20K,8/26/2013,33,7.59
PPR-20K,8/22/2013,10,2.3
PPR-20K,8/28/2013,4,0.92
PPR-20K,8/27/2013,200,46
PPR-20K,8/27/2013,200,46
PPR-20K,8/27/2013,200,46
PPR-20K,9/2/2013,40,9.2
PPR-20K,9/2/2013,10,2.3
PPR-20K,8/30/2013,100,23
PPR-20K,8/30/2013,13,2.99
PPR-20K,8/30/2013,2,0.46
PPR-20K,9/2/2013,30,6.9
PPR-20K,9/3/2013,20,4.6
PPR-20K,9/5/2013,100,23
PPR-20K,9/5/2013,24,5.52
PPR-20K,9/5/2013,15,3.45
PPR-20K,9/5/2013,9,2.07
PPR-20K,9/5/2013,6,1.38
PPR-20K,9/5/2013,10,2.3
PPR-20K,9/5/2013,1,0.23
PPR-20K,9/5/2013,25,5.75
PPR-20K,9/5/2013,26,5.98
PPR-20K,9/5/2013,58,13.34
PPR-20K,9/5/2013,10,2.3
PPR-20K,9/6/2013,30,6.9
PPR-20K,9/5/2013,20,4.6
PPR-20K,9/6/2013,20,4.6
PPR-20K,9/12/2013,10,2.3
PPR-20K,9/11/2013,200,46
PPR-20K,9/11/2013,200,46
PPR-20K,9/11/2013,200,46
PPR-20K,9/11/2013,200,46
PPR-20K,9/11/2013,200,46
PPR-20K,9/11/2013,200,46
PPR-20K,9/25/2013,20,4.6
PPR-20K,9/25/2013,40,9.2
PPR-20K,9/27/2013,8,1.84
PPR-20K,10/1/2013,10,2.3
PPR-20K,9/16/2013,26,5.98
PPR-20K,9/16/2013,174,40.02
PPR-20K,9/17/2013,20,4.6
PPR-20K,9/17/2013,8,1.84
PPR-20K,10/2/2013,20,4.6
PPR-20K,10/2/2013,28,6.44
PPR-20K,10/2/2013,172,39.56
PPR-20K,9/18/2013,6,1.38
PPR-20K,9/18/2013,44,10.12
PPR-20K,10/3/2013,8,1.84
PPR-20K,10/3/2013,12,2.76
PPR-20K,9/19/2013,156,35.88
PPR-20K,9/19/2013,44,10.12
PPR-20K,10/5/2013,30,6.9
PPR-20K,10/7/2013,158,36.34
PPR-20K,10/7/2013,42,9.66
PPR-20K,10/8/2013,30,6.9
PPR-20K,10/8/2013,200,46
PPR-20K,10/8/2013,200,46
PPR-20K,10/8/2013,200,46
PPR-20K,10/11/2013,20,4.6
PPR-20K,9/23/2013,50,11.5
PPR-20K,10/11/2013,20,4.6
PPR-20K,10/10/2013,0,0
PPR-20K,10/14/2013,20,4.6
PPR-20K,10/16/2013,18,4.14
PPR-20K,10/16/2013,2,0.46
PPR-20K,10/16/2013,138,31.74
PPR-20K,10/16/2013,62,14.26
PPR-20K,10/16/2013,60,13.8
PPR-20K,10/15/2013,50,11.5
PPR-20K,10/17/2013,8,1.84
PPR-20K,10/15/2013,200,46
PPR-20K,10/15/2013,200,46
PPR-20K,10/21/2013,20,4.6
PPR-20K,10/21/2013,8,1.84
PPR-20K,10/21/2013,2,0.46
PPR-20K,12/17/2013,11,2.53
PPR-20K,10/18/2013,30,6.9
PPR-20K,10/18/2013,30,6.9
PPR-20K,10/22/2013,30,6.9
PPR-20K,10/18/2013,20,4.6
PPR-20K,10/23/2013,60,13.8
PPR-20K,10/23/2013,30,6.9
PPR-20K,10/22/2013,100,23
PPR-20K,10/23/2013,56,12.88
PPR-20K,10/19/2013,30,6.9
PPR-20K,10/23/2013,200,46
PPR-20K,10/23/2013,200,46
PPR-20K,11/4/2013,2,0.46
PPR-20K,10/31/2013,20,4.6
PPR-20K,10/31/2013,8,1.84
PPR-20K,10/31/2013,12,2.76
PPR-20K,10/31/2013,27,6.21
PPR-20K,10/26/2013,8,1.84
PPR-20K,10/26/2013,12,2.76
PPR-20K,11/4/2013,80,18.4
PPR-20K,11/5/2013,86,19.78
PPR-20K,11/5/2013,200,46
PPR-20K,11/5/2013,14,3.22
PPR-20K,11/6/2013,50,11.5
PPR-20K,11/7/2013,20,4.6
PPR-20K,11/13/2013,20,4.6
PPR-20K,11/14/2013,200,46
PPR-20K,11/14/2013,200,46
PPR-20K,11/13/2013,20,4.6
PPR-20K,11/9/2013,16,3.68
PPR-20K,11/12/2013,4,0.92
PPR-20K,11/14/2013,20,4.6
PPR-20K,11/18/2013,20,4.6
PPR-20K,11/20/2013,16,3.68
PPR-20K,11/20/2013,84,19.32
PPR-20K,11/22/2013,20,4.6
PPR-20K,11/26/2013,40,9.2
PPR-20K,11/26/2013,96,22.08
PPR-20K,11/26/2013,104,23.92
PPR-20K,11/29/2013,30,6.9
PPR-20K,12/2/2013,26,5.98
PPR-20K,12/2/2013,4,0.92
PPR-20K,12/2/2013,196,45.08
PPR-20K,12/2/2013,30,6.9
PPR-20K,12/2/2013,56,12.88
PPR-20K,12/2/2013,8,1.84
PPR-20K,12/2/2013,10,2.3
PPR-20K,12/3/2013,2,0.46
PPR-20K,12/4/2013,200,46
PPR-20K,12/4/2013,200,46
PPR-20K,12/5/2013,10,2.3
PPR-20K,12/9/2013,2,0.46
PPR-20K,12/9/2013,15,3.45
PPR-20K,12/9/2013,5,1.15
PPR-20K,12/11/2013,30,6.9
PPR-20K,12/9/2013,10,2.3
PPR-20K,12/17/2013,50,11.5
PPR-20K,12/17/2013,10,2.3
PPR-20K,12/17/2013,28,6.44
PPR-20K,12/18/2013,20,4.6
PPR-20K,12/18/2013,47,10.81
PPR-20K,12/18/2013,3,0.69
PPR-20K,12/20/2013,200,44
PPR-20K,12/20/2013,200,44
PPR-20K,12/20/2013,200,44
PPR-20K,12/20/2013,200,44
PPR-20K,12/30/2013,2,0.46
PPR-20K,12/31/2013,2,0.46
PPR-20K,1/7/2014,15,3.45
PPR-20K,1/7/2014,50,11.5
PPR-20K,1/8/2014,20,4.6
PPR-20K,1/8/2014,50,11.5
PPR-20K,1/10/2014,50,11.5
PPR-20K,1/13/2014,10,2.3
PPR-20K,1/13/2014,10,2.3
PPR-20K,1/16/2014,170,39.1
PPR-20K,1/16/2014,11,2.53
PPR-20K,1/16/2014,200,44
PPR-20K,1/16/2014,19,4.18
PPR-20K,1/13/2014,10,2.3
PPR-20K,1/13/2014,100,23
PPR-20K,1/16/2014,50,11
PPR-20K,1/17/2014,111,24.42
PPR-20K,1/17/2014,89,19.58
PPR-20K,1/14/2014,10,2.3
PPR-20K,1/15/2014,70,16.1
PPR-20K,1/15/2014,10,2.3
PPR-20K,1/15/2014,20,4.6
PPR-20K,1/18/2014,15,3.45
PPR-20K,1/17/2014,20,4.4
PPR-20K,1/21/2014,30,6.6
PPR-20K,1/24/2014,20,4.4
PPR-20K,1/25/2014,30,6.6
PPR-20K,1/28/2014,20,4.4
PPR-20K,1/29/2014,200,46
PPR-20K,1/29/2014,200,46
PPR-20K,1/29/2014,200,46
PPR-20K,1/29/2014,200,46
PPR-20K,1/29/2014,200,46
PPR-20K,2/1/2014,11,2.42
PPR-20K,2/1/2014,10,2.2
PPR-20K,2/3/2014,100,23
PPR-20K,2/3/2014,50,11.5
PPR-20K,1/31/2014,190,41.8
PPR-20K,1/31/2014,2,0.46
PPR-20K,1/31/2014,15,3.45
PPR-20K,1/31/2014,193,44.39
PPR-20K,2/1/2014,7,1.61
PPR-20K,2/1/2014,3,0.69
PPR-20K,2/3/2014,3,0.69
PPR-20K,2/5/2014,20,4.6
PPR-20K,2/6/2014,600,138
PPR-20K,2/15/2014,4,0.92
PPR-20K,2/15/2014,2,0.46
PPR-20K,2/10/2014,24,5.52
PPR-20K,2/10/2014,200,46
PPR-20K,2/10/2014,176,40.48
PPR-20K,2/22/2014,2,0.46
PPR-20K,2/24/2014,40,9.2
PPR-20K,2/24/2014,40,9.2
PPR-20K,2/24/2014,40,9.2
PPR-20K,2/11/2014,20,4.6
PPR-20K,2/27/2014,20,4.6
PPR-20K,3/1/2014,20,4.6
PPR-20K,2/27/2014,200,46
PPR-20K,2/27/2014,200,46
PPR-20K,2/27/2014,200,46
PPR-20K,2/27/2014,200,46
PPR-20K,2/27/2014,200,46
PPR-20K,3/10/2014,20,4.6
PPR-20K,2/28/2014,30,6.9
PPR-20K,2/28/2014,17,3.91
PPR-20K,3/18/2014,20,4.6
PPR-20K,3/19/2014,10,2.3
PPR-20K,3/20/2014,20,4.6
PPR-20K,3/4/2014,10,2.3
PPR-20K,3/4/2014,21,4.83
PPR-20K,3/4/2014,9,2.07
PPR-20K,3/5/2014,20,4.6
PPR-20K,3/25/2014,200,46
PPR-20K,3/5/2014,100,23
PPR-20K,3/27/2014,6,1.38
PPR-20K,3/6/2014,10,2.3
PPR-20K,3/7/2014,4,0.92
PPR-20K,4/1/2014,171,39.33
PPR-20K,4/1/2014,2,0.46
PPR-20K,4/1/2014,27,6.21
PPR-20K,3/29/2014,13,2.99
PPR-20K,3/29/2014,1,0.23
PPR-20K,3/31/2014,10,2.3
PPR-20K,4/1/2014,2,0.46
PPR-20K,4/1/2014,10,2.3
PPR-20K,4/2/2014,30,6.9
PPR-20K,4/1/2014,100,23
PPR-20K,4/1/2014,10,2.3
PPR-20K,4/2/2014,50,11.5
PPR-20K,4/4/2014,14,3.22
PPR-20K,4/3/2014,7,1.61
PPR-20K,4/3/2014,200,46
PPR-20K,4/3/2014,193,44.39
PPR-20K,4/3/2014,7,1.61
PPR-20K,4/3/2014,3,0.69
PPR-20K,4/7/2014,100,23
PPR-20K,4/11/2014,20,4.6
PPR-20K,4/12/2014,20,4.6
PPR-20K,4/11/2014,20,4.6
PPR-20K,4/14/2014,7,1.61
PPR-20K,4/14/2014,7,1.61
PPR-20K,4/14/2014,23,5.29
PPR-20K,4/14/2014,37,8.51
PPR-20K,4/15/2014,50,11.5
PPR-20K,4/23/2014,8,1.84
PPR-20K,4/24/2014,65,14.95
PPR-20K,4/24/2014,95,21.85
PPR-20K,4/24/2014,10,2.3
PPR-20K,4/17/2014,10,2.3
PPR-20K,4/25/2014,20,4.6
PPR-20K,4/25/2014,15,3.45
PPR-20K,4/29/2014,13,2.99
PPR-20K,4/29/2014,7,1.61
PPR-20K,4/29/2014,13,2.99
PPR-20K,4/29/2014,7,1.61
PPR-20K,4/26/2014,12,2.76
PPR-20K,4/30/2014,200,46
PPR-20K,4/30/2014,200,46
PPR-20K,4/30/2014,200,46
PPR-20K,4/30/2014,200,46
PPR-20K,4/30/2014,200,46
PPR-20K,4/30/2014,200,46
PPR-20K,4/30/2014,200,46
PPR-20K,4/30/2014,200,46
PPR-20K,4/30/2014,200,46
PPR-20K,4/30/2014,200,46
PPR-20K,4/28/2014,20,4.6
PPR-20K,4/28/2014,20,4.6
PPR-20K,5/6/2014,8,1.84
PPR-20K,5/6/2014,12,2.76
PPR-20K,5/9/2014,6,1.38
PPR-20K,5/12/2014,2,0.46
PPR-20K,5/12/2014,13,2.99
PPR-20K,5/12/2014,5,1.15
PPR-20K,5/16/2014,20,4.6
PPR-20K,5/14/2014,2,0.46
PPR-20K,5/14/2014,18,4.14
PPR-20K,5/17/2014,100,23
PPR-20K,6/16/2014,10,2.3
PPR-20K,5/26/2014,15,3.45
PPR-20K,5/19/2014,20,4.6
PPR-20K,6/17/2014,8,1.84
PPR-20K,5/20/2014,42,9.66
PPR-20K,5/20/2014,200,46
PPR-20K,5/20/2014,200,46
PPR-20K,5/20/2014,58,13.34
PPR-20K,5/20/2014,100,23
PPR-20K,5/21/2014,15,3.45
PPR-20K,7/1/2014,10,2.3
PPR-20K,6/18/2014,50,11.5
PPR-20K,5/21/2014,20,4.6
PPR-20K,5/27/2014,20,4.6
PPR-20K,6/23/2014,4,0.92
PPR-20K,5/22/2014,7,1.61
PPR-20K,5/22/2014,23,5.29
PPR-20K,5/28/2014,2,0.46
PPR-20K,5/28/2014,4,0.92
PPR-20K,5/31/2014,15,3.45
PPR-20K,6/26/2014,200,46
PPR-20K,6/26/2014,200,46
PPR-20K,6/26/2014,200,46
PPR-20K,6/26/2014,200,46
PPR-20K,6/2/2014,100,23
PPR-20K,6/26/2014,32,7.36
PPR-20K,6/26/2014,18,4.14
PPR-20K,6/30/2014,4,0.92
PPR-20K,6/2/2014,20,4.6
PPR-20K,7/2/2014,10,2.3
PPR-20K,7/10/2014,2,0.46
PPR-20K,6/4/2014,8,1.84
PPR-20K,6/5/2014,8,1.84
PPR-20K,6/5/2014,2,0.46
PPR-20K,7/14/2014,20,4.6
PPR-20K,6/6/2014,10,2.3
PPR-20K,7/4/2014,2,0.46
PPR-20K,7/4/2014,2,0.46
PPR-20K,6/9/2014,188,43.24
PPR-20K,6/9/2014,12,2.76
PPR-20K,2/17/2017,20,4.8
PPR-20K,6/10/2014,14,3.22
PPR-20K,7/17/2014,20,4.6
PPR-20K,7/10/2014,10,2.3
PPR-20K,7/18/2014,8,1.84
PPR-20K,7/21/2014,30,6.9
PPR-20K,7/21/2014,200,46
PPR-20K,7/21/2014,200,46
PPR-20K,7/23/2014,12,2.76
PPR-20K,8/1/2014,2,0.46
PPR-20K,6/12/2014,50,11.5
PPR-20K,6/13/2014,10,2.3
PPR-20K,7/8/2014,168,38.64
PPR-20K,7/8/2014,200,46
PPR-20K,7/8/2014,32,7.36
PPR-20K,7/28/2014,10,2.3
PPR-20K,7/9/2014,1,0.23
PPR-20K,7/9/2014,4,0.92
PPR-20K,7/9/2014,50,11.5
PPR-20K,7/31/2014,0,0
PPR-20K,7/31/2014,0,0
PPR-20K,7/31/2014,0,0
PPR-20K,7/31/2014,6,1.38
PPR-20K,7/31/2014,15,3.45
PPR-20K,7/31/2014,79,18.17
PPR-20K,8/5/2014,16,3.68
PPR-20K,8/7/2014,30,6.9
PPR-20K,8/6/2014,30,6.9
PPR-20K,8/8/2014,75,17.25
PPR-20K,8/8/2014,25,5.75
PPR-20K,8/11/2014,20,4.6
PPR-20K,8/18/2014,4,0.92
PPR-20K,8/18/2014,6,1.38
PPR-20K,8/19/2014,50,11.5
PPR-20K,8/19/2014,20,4.6
PPR-20K,8/21/2014,75,17.25
PPR-20K,8/21/2014,125,28.75
PPR-20K,8/25/2014,60,13.8
PPR-20K,8/25/2014,2,0.46
PPR-20K,8/23/2014,10,2.3
PPR-20K,8/26/2014,3,0.69
PPR-20K,8/26/2014,7,1.61
PPR-20K,9/1/2014,20,4.6
PPR-20K,9/1/2014,20,4.6
PPR-20K,9/1/2014,20,4.6
PPR-20K,9/1/2014,50,11.5
PPR-20K,9/1/2014,20,4.6
PPR-20K,9/1/2014,20,4.6
PPR-20K,9/2/2014,20,4.6
PPR-20K,9/4/2014,10,2.3
PPR-20K,9/5/2014,30,6.9
PPR-20K,9/9/2014,10,2.3
PPR-20K,9/8/2014,200,46
PPR-20K,9/8/2014,200,46
PPR-20K,9/8/2014,200,46
PPR-20K,9/9/2014,10,2.3
PPR-20K,9/10/2014,10,2.3
PPR-20K,9/11/2014,30,6.9
PPR-20K,9/11/2014,3,0.69
PPR-20K,9/11/2014,4,0.92
PPR-20K,9/11/2014,1,0.23
PPR-20K,9/11/2014,4,0.92
PPR-20K,9/11/2014,2,0.46
PPR-20K,9/11/2014,13,2.99
PPR-20K,9/11/2014,157,36.11
PPR-20K,9/11/2014,43,9.89
PPR-20K,9/13/2014,40,9.2
PPR-20K,9/17/2014,10,2.3
PPR-20K,9/15/2014,20,4.6
PPR-20K,9/18/2014,87,20.01
PPR-20K,9/18/2014,113,25.99
PPR-20K,9/19/2014,10,2.3
PPR-20K,9/22/2014,200,46
PPR-20K,9/22/2014,200,46
PPR-20K,9/22/2014,200,46
PPR-20K,9/23/2014,30,6.9
PPR-20K,9/20/2014,20,4.6
PPR-20K,9/24/2014,2,0.46
PPR-20K,9/24/2014,30,6.9
PPR-20K,9/25/2014,27,6.21
PPR-20K,9/25/2014,73,16.79
PPR-20K,9/29/2014,10,2.3
PPR-20K,10/23/2014,1,0.23
PPR-20K,10/27/2014,40,9.2
PPR-20K,11/3/2014,10,2.3
PPR-20K,10/28/2014,24,5.52
PPR-20K,10/28/2014,76,17.48
PPR-20K,10/30/2014,200,46
PPR-20K,10/6/2014,10,2.3
PPR-20K,10/6/2014,200,46
PPR-20K,10/6/2014,200,46
PPR-20K,11/3/2014,20,4.6
PPR-20K,10/6/2014,100,23
PPR-20K,10/7/2014,7,1.61
PPR-20K,10/7/2014,1,0.23
PPR-20K,11/8/2014,2,0.46
PPR-20K,10/8/2014,199,45.77
PPR-20K,10/8/2014,1,0.23
PPR-20K,10/9/2014,20,4.6
PPR-20K,11/7/2014,20,4.6
PPR-20K,11/7/2014,10,2.3
PPR-20K,10/10/2014,10,2.3
PPR-20K,10/10/2014,10,2.3
PPR-20K,11/13/2014,9,2.07
PPR-20K,11/14/2014,200,46
PPR-20K,10/10/2014,8,1.84
PPR-20K,10/10/2014,20,4.6
PPR-20K,11/14/2014,10,2.3
PPR-20K,11/17/2014,10,2.3
PPR-20K,10/13/2014,20,4.6
PPR-20K,11/17/2014,15,3.45
PPR-20K,11/19/2014,20,4.6
PPR-20K,10/13/2014,111,25.53
PPR-20K,10/13/2014,89,20.47
PPR-20K,11/19/2014,17,3.91
PPR-20K,11/19/2014,183,42.09
PPR-20K,11/20/2014,17,3.91
PPR-20K,11/20/2014,3,0.69
PPR-20K,11/20/2014,40,9.2
PPR-20K,10/14/2014,6,1.38
PPR-20K,11/22/2014,6,1.38
PPR-20K,11/25/2014,6,1.38
PPR-20K,11/25/2014,18,4.14
PPR-20K,11/25/2014,2,0.46
PPR-20K,11/24/2014,200,46
PPR-20K,11/24/2014,200,46
PPR-20K,12/1/2014,129,29.67
PPR-20K,12/1/2014,71,16.33
PPR-20K,12/1/2014,4,0.92
PPR-20K,11/29/2014,1,0.23
PPR-20K,11/26/2014,16,3.68
PPR-20K,11/26/2014,16,3.68
PPR-20K,12/2/2014,87,20.01
PPR-20K,12/2/2014,13,2.99
PPR-20K,12/1/2014,129,29.67
PPR-20K,12/1/2014,71,16.33
PPR-20K,11/28/2014,129,29.67
PPR-20K,11/28/2014,9,2.07
PPR-20K,11/28/2014,62,14.26
PPR-20K,12/1/2014,50,11.5
PPR-20K,11/29/2014,2,0.46
PPR-20K,11/29/2014,2,0.46
PPR-20K,12/5/2014,2,0.46
PPR-20K,12/6/2014,5,1.15
PPR-20K,12/6/2014,20,4.6
PPR-20K,12/6/2014,1,0.23
PPR-20K,12/8/2014,20,4.6
PPR-20K,12/8/2014,20,4.6
PPR-20K,12/10/2014,130,29.9
PPR-20K,12/10/2014,200,46
PPR-20K,12/10/2014,200,46
PPR-20K,12/10/2014,200,46
PPR-20K,12/16/2014,200,46
PPR-20K,12/16/2014,200,46
PPR-20K,12/16/2014,200,46
PPR-20K,12/12/2014,20,4.6
PPR-20K,12/15/2014,9,2.07
PPR-20K,12/15/2014,41,9.43
PPR-20K,12/18/2014,6,1.38
PPR-20K,12/22/2014,8,1.84
PPR-20K,12/29/2014,4,0.92
PPR-20K,12/23/2014,4,0.92
PPR-20K,12/23/2014,2,0.46
PPR-20K,1/3/2015,2,0.46
PPR-20K,12/30/2014,1,0.23
PPR-20K,1/7/2015,138,31.74
PPR-20K,1/7/2015,62,14.26
PPR-20K,1/8/2015,5,1.15
PPR-20K,1/9/2015,10,2.3
PPR-20K,1/13/2015,2,0.46
PPR-20K,1/13/2015,20,4.6
PPR-20K,1/13/2015,2,0.46
PPR-20K,1/16/2015,30,6.9
PPR-20K,1/2/2015,7,1.61
PPR-20K,1/2/2015,7,1.61
PPR-20K,1/19/2015,40,9.2
PPR-20K,1/22/2015,167,38.41
PPR-20K,1/22/2015,33,7.59
PPR-20K,1/19/2015,31,7.13
PPR-20K,1/19/2015,9,2.07
PPR-20K,1/21/2015,20,4.6
PPR-20K,1/21/2015,4,0.92
PPR-20K,1/21/2015,167,38.41
PPR-20K,1/21/2015,33,7.59
PPR-20K,1/26/2015,167,38.41
PPR-20K,1/26/2015,33,7.59
PPR-20K,1/26/2015,167,38.41
PPR-20K,1/26/2015,33,7.59
PPR-20K,2/2/2015,167,38.41
PPR-20K,2/2/2015,33,7.59
PPR-20K,2/4/2015,10,2.3
PPR-20K,2/5/2015,13,2.99
PPR-20K,2/5/2015,7,1.61
PPR-20K,1/29/2015,20,4.6
PPR-20K,1/29/2015,14,3.22
PPR-20K,1/29/2015,10,2.3
PPR-20K,2/5/2015,40,9.2
PPR-20K,2/5/2015,10,2.3
PPR-20K,2/5/2015,10,2.3
PPR-20K,2/10/2015,113,25.99
PPR-20K,2/10/2015,87,20.01
PPR-20K,2/2/2015,50,11.5
PPR-20K,2/2/2015,60,13.8
PPR-20K,2/6/2015,30,6.9
PPR-20K,2/10/2015,100,23
PPR-20K,2/11/2015,13,2.99
PPR-20K,2/11/2015,4,0.92
PPR-20K,2/11/2015,1,0.23
PPR-20K,2/11/2015,2,0.46
PPR-20K,2/13/2015,0,0
PPR-20K,2/11/2015,18,4.14
PPR-20K,2/11/2015,7,1.61
PPR-20K,2/11/2015,2,0.46
PPR-20K,2/11/2015,3,0.69
PPR-20K,2/11/2015,18,4.14
PPR-20K,2/11/2015,7,1.61
PPR-20K,2/11/2015,2,0.46
PPR-20K,2/11/2015,3,0.69
PPR-20K,2/13/2015,6,1.38
PPR-20K,2/18/2015,10,2.3
PPR-20K,2/18/2015,20,4.6
PPR-20K,2/18/2015,30,6.9
PPR-20K,2/17/2015,200,46
PPR-20K,2/17/2015,200,46
PPR-20K,2/17/2015,200,46
PPR-20K,2/17/2015,200,46
PPR-20K,2/17/2015,200,46
PPR-20K,2/17/2015,200,46
PPR-20K,2/17/2015,30,6.9
PPR-20K,2/19/2015,39,8.97
PPR-20K,2/20/2015,1,0.23
PPR-20K,2/20/2015,1,0.23
PPR-20K,2/19/2015,39,8.97
PPR-20K,2/23/2015,20,4.6
PPR-20K,2/25/2015,20,4.6
PPR-20K,2/25/2015,2,0.46
PPR-20K,2/27/2015,10,2.3
PPR-20K,2/25/2015,2,0.46
PPR-20K,3/2/2015,20,4.6
PPR-20K,3/2/2015,100,23
PPR-20K,2/26/2015,4,0.92
PPR-20K,2/26/2015,13,2.99
PPR-20K,2/26/2015,2,0.46
PPR-20K,3/4/2015,10,2.3
PPR-20K,3/4/2015,10,2.3
PPR-20K,3/2/2015,19,4.37
PPR-20K,3/2/2015,1,0.23
PPR-20K,3/9/2015,9,2.07
PPR-20K,3/9/2015,21,4.83
PPR-20K,3/9/2015,10,2.3
PPR-20K,3/6/2015,30,6.9
PPR-20K,3/6/2015,200,46
PPR-20K,3/6/2015,200,46
PPR-20K,3/11/2015,10,2.3
PPR-20K,3/9/2015,10,2.3
PPR-20K,3/10/2015,179,41.17
PPR-20K,3/10/2015,21,4.83
PPR-20K,3/11/2015,169,38.87
PPR-20K,3/11/2015,31,7.13
PPR-20K,3/19/2015,30,6.9
PPR-20K,3/23/2015,10,2.3
PPR-20K,3/23/2015,15,3.45
PPR-20K,3/23/2015,100,23
PPR-20K,4/1/2015,9,2.07
PPR-20K,4/1/2015,1,0.23
PPR-20K,4/7/2015,20,4.6
PPR-20K,4/8/2015,10,2.3
PPR-20K,4/8/2015,100,23
PPR-20K,4/10/2015,30,6.9
PPR-20K,4/9/2015,40,9.2
PPR-20K,4/13/2015,10,2.3
PPR-20K,4/9/2015,19,4.37
PPR-20K,4/9/2015,1,0.23
PPR-20K,4/9/2015,40,9.2
PPR-20K,4/9/2015,3,0.69
PPR-20K,4/9/2015,13,2.99
PPR-20K,4/9/2015,2,0.46
PPR-20K,4/9/2015,22,5.06
PPR-20K,4/10/2015,10,2.3
PPR-20K,4/1/2015,10,2.3
PPR-20K,3/30/2015,4,0.92
PPR-20K,4/11/2015,40,9.2
PPR-20K,4/13/2015,10,2.3
PPR-20K,4/20/2015,200,46
PPR-20K,4/20/2015,200,46
PPR-20K,4/20/2015,200,46
PPR-20K,4/20/2015,200,46
PPR-20K,4/20/2015,200,46
PPR-20K,4/20/2015,200,46
PPR-20K,4/20/2015,200,46
PPR-20K,4/13/2015,10,2.3
PPR-20K,3/31/2015,2,0.46
PPR-20K,4/23/2015,1,0.23
PPR-20K,4/14/2015,50,11.5
PPR-20K,5/2/2015,10,2.3
PPR-20K,4/23/2015,1,0.23
PPR-20K,5/4/2015,1,0.23
PPR-20K,5/4/2015,2,0.46
PPR-20K,5/4/2015,7,1.61
PPR-20K,4/24/2015,8,1.84
PPR-20K,4/24/2015,10,2.3
PPR-20K,4/24/2015,10,2.3
PPR-20K,4/24/2015,2,0.46
PPR-20K,4/23/2015,1,0.23
PPR-20K,4/16/2015,38,8.74
PPR-20K,4/16/2015,62,14.26
PPR-20K,4/16/2015,30,6.9
PPR-20K,4/16/2015,100,23
PPR-20K,4/29/2015,3,0.69
PPR-20K,4/29/2015,3,0.69
PPR-20K,5/5/2015,15,3.45
PPR-20K,5/5/2015,18,4.14
PPR-20K,5/5/2015,182,41.86
PPR-20K,5/5/2015,1,0.23
PPR-20K,5/5/2015,1,0.23
PPR-20K,4/30/2015,10,2.3
PPR-20K,5/2/2015,10,2.3
PPR-20K,5/12/2015,118,27.14
PPR-20K,5/12/2015,82,18.86
PPR-20K,5/12/2015,20,4.6
PPR-20K,5/13/2015,20,4.6
PPR-20K,5/7/2015,18,4.14
PPR-20K,5/7/2015,182,41.86
PPR-20K,5/8/2015,18,4.14
PPR-20K,5/8/2015,82,18.86
PPR-20K,5/15/2015,30,6.9
PPR-20K,5/19/2015,5,1.15
PPR-20K,5/25/2015,5,1.15
PPR-20K,6/16/2015,197,45.31
PPR-20K,6/16/2015,3,0.69
PPR-20K,5/22/2015,5,1.15
PPR-20K,5/27/2015,200,46
PPR-20K,5/27/2015,200,46
PPR-20K,5/27/2015,200,46
PPR-20K,5/27/2015,200,46
PPR-20K,5/27/2015,200,46
PPR-20K,5/25/2015,10,2.3
PPR-20K,6/17/2015,50,11.5
PPR-20K,6/18/2015,1,0.23
PPR-20K,6/19/2015,20,4.6
PPR-20K,6/23/2015,20,4.6
PPR-20K,6/23/2015,20,4.6
PPR-20K,6/24/2015,107,24.61
PPR-20K,6/24/2015,1,0.23
PPR-20K,6/24/2015,92,21.16
PPR-20K,6/24/2015,10,2.3
PPR-20K,6/25/2015,10,2.3
PPR-20K,6/26/2015,9,2.07
PPR-20K,7/1/2015,8,1.84
PPR-20K,6/26/2015,9,2.07
PPR-20K,6/29/2015,4,0.92
PPR-20K,7/1/2015,10,2.3
PPR-20K,7/1/2015,15,3.45
PPR-20K,7/4/2015,2,0.46
PPR-20K,7/4/2015,4,0.92
PPR-20K,7/1/2015,10,2.3
PPR-20K,7/2/2015,10,2.3
PPR-20K,7/6/2015,30,6.9
PPR-20K,7/6/2015,20,4.6
PPR-20K,7/6/2015,30,6.9
PPR-20K,6/2/2015,33,7.59
PPR-20K,6/2/2015,7,1.61
PPR-20K,7/3/2015,4,0.92
PPR-20K,7/6/2015,17,3.91
PPR-20K,6/2/2015,50,11.5
PPR-20K,7/7/2015,6,1.38
PPR-20K,7/7/2015,4,0.92
PPR-20K,7/10/2015,2,0.46
PPR-20K,7/8/2015,100,23
PPR-20K,7/10/2015,2,0.46
PPR-20K,7/10/2015,20,4.6
PPR-20K,7/15/2015,1,0.23
PPR-20K,7/15/2015,5,1.15
PPR-20K,7/14/2015,50,11.5
PPR-20K,7/15/2015,145,33.35
PPR-20K,7/15/2015,55,12.65
PPR-20K,7/15/2015,30,6.9
PPR-20K,7/15/2015,20,4.6
PPR-20K,6/9/2015,100,23
PPR-20K,7/13/2015,1,0.23
PPR-20K,7/13/2015,99,22.77
PPR-20K,6/9/2015,6,1.38
PPR-20K,7/13/2015,50,11.5
PPR-20K,7/17/2015,15,3.45
PPR-20K,7/21/2015,6,1.38
PPR-20K,6/11/2015,20,4.6
PPR-20K,7/21/2015,124,28.52
PPR-20K,7/21/2015,20,4.6
PPR-20K,7/23/2015,8,1.84
PPR-20K,7/23/2015,2,0.46
PPR-20K,7/23/2015,10,2.3
PPR-20K,7/23/2015,20,4.6
PPR-20K,7/23/2015,24,5.52
PPR-20K,6/13/2015,17,3.91
PPR-20K,6/13/2015,3,0.69
PPR-20K,7/24/2015,2,0.46
PPR-20K,7/27/2015,4,0.92
PPR-20K,7/27/2015,18,4.14
PPR-20K,7/27/2015,6,1.38
PPR-20K,7/29/2015,18,4.14
PPR-20K,7/29/2015,6,1.38
PPR-20K,8/1/2015,18,4.14
PPR-20K,7/29/2015,200,48
PPR-20K,7/29/2015,200,48
PPR-20K,7/29/2015,200,48
PPR-20K,7/29/2015,200,48
PPR-20K,7/29/2015,200,48
PPR-20K,7/29/2015,200,48
PPR-20K,7/29/2015,200,48
PPR-20K,7/29/2015,200,48
PPR-20K,7/29/2015,200,48
PPR-20K,7/29/2015,200,48
PPR-20K,8/3/2015,2,0.46
PPR-20K,8/3/2015,200,48
PPR-20K,8/3/2015,25,6
PPR-20K,8/11/2015,1,0.23
PPR-20K,8/11/2015,2,0.46
PPR-20K,8/11/2015,100,24
PPR-20K,8/12/2015,1,0.24
PPR-20K,8/14/2015,3,0.72
PPR-20K,8/14/2015,3,0.72
PPR-20K,8/7/2015,1,0.24
PPR-20K,8/18/2015,50,12
PPR-20K,8/29/2015,2,0.48
PPR-20K,8/31/2015,50,12
PPR-20K,9/2/2015,20,4.8
PPR-20K,8/25/2015,21,5.04
PPR-20K,8/25/2015,9,2.16
PPR-20K,9/1/2015,10,2.4
PPR-20K,9/3/2015,30,7.2
PPR-20K,9/7/2015,18,4.32
PPR-20K,9/7/2015,32,7.68
PPR-20K,9/2/2015,1,0.24
PPR-20K,9/4/2015,30,7.2
PPR-20K,9/7/2015,168,40.32
PPR-20K,9/7/2015,32,7.68
PPR-20K,9/7/2015,10,2.4
PPR-20K,9/8/2015,50,12
PPR-20K,8/27/2015,30,7.2
PPR-20K,9/9/2015,108,25.92
PPR-20K,9/9/2015,92,22.08
PPR-20K,9/10/2015,10,2.4
PPR-20K,9/10/2015,10,2.4
PPR-20K,9/10/2015,30,7.2
PPR-20K,9/11/2015,10,2.4
PPR-20K,9/14/2015,8,1.92
PPR-20K,9/14/2015,20,4.8
PPR-20K,9/15/2015,0,0
PPR-20K,9/15/2015,0,0
PPR-20K,9/15/2015,0,0
PPR-20K,9/15/2015,0,0
PPR-20K,9/18/2015,20,4.8
PPR-20K,9/16/2015,20,4.8
PPR-20K,9/21/2015,20,4.8
PPR-20K,9/17/2015,10,2.4
PPR-20K,9/17/2015,10,2.4
PPR-20K,9/17/2015,10,2.4
PPR-20K,9/23/2015,30,7.2
PPR-20K,9/23/2015,5,1.2
PPR-20K,9/24/2015,150,36
PPR-20K,9/24/2015,50,12
PPR-20K,9/24/2015,50,12
PPR-20K,9/24/2015,100,24
PPR-20K,9/24/2015,100,24
PPR-20K,9/29/2015,6,1.44
PPR-20K,9/29/2015,6,1.44
PPR-20K,10/1/2015,20,4.8
PPR-20K,10/5/2015,3,0.72
PPR-20K,10/7/2015,6,1.44
PPR-20K,10/8/2015,1,0.24
PPR-20K,10/6/2015,200,48
PPR-20K,10/6/2015,200,48
PPR-20K,10/6/2015,200,48
PPR-20K,10/6/2015,200,48
PPR-20K,10/6/2015,200,48
PPR-20K,10/6/2015,200,48
PPR-20K,10/6/2015,200,48
PPR-20K,10/6/2015,200,48
PPR-20K,10/8/2015,20,4.8
PPR-20K,10/23/2015,15,3.6
PPR-20K,10/29/2015,10,2.4
PPR-20K,10/22/2015,20,4.8
PPR-20K,10/22/2015,18,4.32
PPR-20K,10/22/2015,12,2.88
PPR-20K,11/2/2015,163,39.12
PPR-20K,11/2/2015,2,0.46
PPR-20K,11/2/2015,1,0.24
PPR-20K,11/2/2015,30,7.2
PPR-20K,11/2/2015,4,0.96
PPR-20K,11/9/2015,1,0.24
PPR-20K,11/9/2015,29,6.96
PPR-20K,11/13/2015,30,7.2
PPR-20K,11/10/2015,20,4.8
PPR-20K,11/19/2015,71,17.04
PPR-20K,11/19/2015,129,30.96
PPR-20K,11/18/2015,50,12
PPR-20K,11/24/2015,71,17.04
PPR-20K,11/24/2015,200,48
PPR-20K,11/24/2015,29,6.96
PPR-20K,11/24/2015,100,24
PPR-20K,11/27/2015,7,1.61
PPR-20K,11/27/2015,3,0.69
PPR-20K,12/1/2015,40,9.6
PPR-20K,12/1/2015,20,4.8
PPR-20K,12/2/2015,1,0.23
PPR-20K,12/2/2015,2,0.46
PPR-20K,12/2/2015,7,1.61
PPR-20K,12/7/2015,4,0.96
PPR-20K,12/4/2015,11,2.64
PPR-20K,12/4/2015,9,2.16
PPR-20K,12/8/2015,10,2.4
PPR-20K,12/8/2015,200,48
PPR-20K,12/8/2015,200,48
PPR-20K,12/8/2015,200,48
PPR-20K,12/4/2015,11,2.64
PPR-20K,12/4/2015,9,2.16
PPR-20K,12/5/2015,11,2.53
PPR-20K,12/5/2015,6,1.38
PPR-20K,12/5/2015,3,0.72
PPR-20K,12/5/2015,23,5.52
PPR-20K,12/11/2015,24,5.76
PPR-20K,12/14/2015,40,9.6
PPR-20K,12/15/2015,20,4.8
PPR-20K,12/17/2015,20,4.8
PPR-20K,12/18/2015,24,5.76
PPR-20K,12/19/2015,24,5.76
PPR-20K,5/6/2017,6,1.44
PPR-20K,12/30/2015,10,2.4
PPR-20K,12/23/2015,0,0
PPR-20K,12/23/2015,0,0
PPR-20K,12/23/2015,0,0
PPR-20K,12/23/2015,0,0
PPR-20K,12/28/2015,20,4.8
PPR-20K,12/31/2015,18,4.14
PPR-20K,12/31/2015,7,1.61
PPR-20K,12/31/2015,2,0.46
PPR-20K,12/31/2015,3,0.69
PPR-20K,12/30/2015,9,2.16
PPR-20K,12/30/2015,31,7.44
PPR-20K,1/3/2016,24,5.76
PPR-20K,1/14/2016,2,0.48
PPR-20K,1/18/2016,0,0
PPR-20K,1/22/2016,1,0.24
PPR-20K,1/22/2016,1,0.24
PPR-20K,2/1/2016,6,1.44
PPR-20K,2/1/2016,23,5.52
PPR-20K,2/1/2016,1,0.24
PPR-20K,1/27/2016,100,24
PPR-20K,1/27/2016,20,4.8
PPR-20K,1/27/2016,20,4.8
PPR-20K,2/2/2016,50,12
PPR-20K,1/27/2016,36,8.64
PPR-20K,1/27/2016,164,39.36
PPR-20K,1/28/2016,36,8.64
PPR-20K,1/28/2016,164,39.36
PPR-20K,2/15/2016,10,2.4
PPR-20K,2/11/2016,80,19.2
PPR-20K,1/28/2016,20,4.8
PPR-20K,2/15/2016,19,4.56
PPR-20K,2/15/2016,1,0.24
PPR-20K,2/15/2016,200,48
PPR-20K,2/15/2016,200,48
PPR-20K,2/15/2016,200,48
PPR-20K,2/1/2016,10,2.4
PPR-20K,2/9/2016,0,0
PPR-20K,2/9/2016,0,0
PPR-20K,2/9/2016,0,0
PPR-20K,2/9/2016,0,0
PPR-20K,2/9/2016,149,35.76
PPR-20K,2/9/2016,51,12.24
PPR-20K,2/12/2016,20,4.8
PPR-20K,2/16/2016,6,1.44
PPR-20K,2/12/2016,20,4.8
PPR-20K,2/17/2016,20,4.8
PPR-20K,2/17/2016,4,0.96
PPR-20K,2/17/2016,196,47.04
PPR-20K,3/1/2016,21,5.04
PPR-20K,3/1/2016,20,4.8
PPR-20K,3/1/2016,9,2.16
PPR-20K,2/23/2016,8,1.92
PPR-20K,2/25/2016,1,0.24
PPR-20K,2/25/2016,24,5.76
PPR-20K,3/1/2016,4,0.96
PPR-20K,3/4/2016,3,0.72
PPR-20K,3/4/2016,3,0.72
PPR-20K,3/4/2016,34,8.16
PPR-20K,3/14/2016,50,12
PPR-20K,3/14/2016,95,22.8
PPR-20K,3/14/2016,105,25.2
PPR-20K,3/22/2016,95,22.8
PPR-20K,3/22/2016,105,25.2
PPR-20K,3/23/2016,1000,240
PPR-20K,3/24/2016,95,22.8
PPR-20K,3/24/2016,1,0.24
PPR-20K,3/24/2016,4,0.96
PPR-20K,4/1/2016,25,6
PPR-20K,3/31/2016,30,7.2
PPR-20K,4/8/2016,10,2.4
PPR-20K,4/7/2016,20,4.8
PPR-20K,4/9/2016,0,0
PPR-20K,4/9/2016,0,0
PPR-20K,4/9/2016,0,0
PPR-20K,4/12/2016,30,7.2
PPR-20K,4/15/2016,8,1.92
PPR-20K,4/16/2016,15,3.6
PPR-20K,4/15/2016,1,0.24
PPR-20K,4/15/2016,10,2.4
PPR-20K,4/15/2016,1,0.24
PPR-20K,4/18/2016,4,0.96
PPR-20K,4/18/2016,10,2.4
PPR-20K,4/14/2016,10,2.4
PPR-20K,4/19/2016,4,0.96
PPR-20K,4/19/2016,1,0.24
PPR-20K,4/26/2016,200,48
PPR-20K,4/20/2016,50,12
PPR-20K,4/27/2016,20,4.8
PPR-20K,4/27/2016,300,72
PPR-20K,4/27/2016,300,72
PPR-20K,4/28/2016,200,48
PPR-20K,4/22/2016,10,2.4
PPR-20K,4/22/2016,10,2.4
PPR-20K,5/4/2016,50,12
PPR-20K,5/4/2016,20,4.8
PPR-20K,5/2/2016,40,9.6
PPR-20K,5/4/2016,1,0.24
PPR-20K,5/4/2016,9,2.16
PPR-20K,5/4/2016,10,2.4
PPR-20K,4/30/2016,20,4.8
PPR-20K,5/5/2016,400,96
PPR-20K,5/10/2016,67,16.08
PPR-20K,5/10/2016,1,0.24
PPR-20K,5/10/2016,132,31.68
PPR-20K,5/9/2016,200,48
PPR-20K,5/11/2016,100,24
PPR-20K,5/13/2016,30,7.2
PPR-20K,5/16/2016,30,7.2
PPR-20K,5/18/2016,1,0.24
PPR-20K,5/18/2016,4,0.96
PPR-20K,5/20/2016,5,1.2
PPR-20K,5/20/2016,5,1.2
PPR-20K,5/31/2016,1,0.24
PPR-20K,5/31/2016,4,0.96
PPR-20K,6/6/2016,3,0.72
PPR-20K,6/6/2016,17,4.08
PPR-20K,6/7/2016,20,4.8
PPR-20K,6/7/2016,400,96
PPR-20K,6/7/2016,40,9.6
PPR-20K,6/8/2016,50,12
PPR-20K,6/8/2016,173,41.52
PPR-20K,6/8/2016,27,6.48
PPR-20K,6/13/2016,20,4.8
PPR-20K,6/15/2016,100,24
PPR-20K,6/16/2016,200,48
PPR-20K,6/16/2016,53,12.72
PPR-20K,6/16/2016,147,35.28
PPR-20K,6/16/2016,2,0.48
PPR-20K,6/21/2016,600,144
PPR-20K,6/22/2016,2,0.48
PPR-20K,6/24/2016,7,1.61
PPR-20K,6/24/2016,14,3.36
PPR-20K,6/24/2016,7,1.61
PPR-20K,6/24/2016,14,3.36
PPR-20K,6/25/2016,2,0.48
PPR-20K,6/28/2016,200,48
PPR-20K,7/4/2016,7,1.68
PPR-20K,4/19/2017,8,1.92
PPR-20K,7/5/2016,600,144
PPR-20K,7/12/2016,200,48
PPR-20K,7/13/2016,4,0.96
PPR-20K,7/13/2016,9,2.16
PPR-20K,7/14/2016,200,48
PPR-20K,7/14/2016,30,7.2
PPR-20K,7/18/2016,400,96
PPR-20K,7/18/2016,40,9.6
PPR-20K,7/8/2016,44,10.56
PPR-20K,7/8/2016,6,1.44
PPR-20K,7/25/2016,10,2.4
PPR-20K,7/25/2016,6,1.44
PPR-20K,7/27/2016,20,4.8
PPR-20K,8/1/2016,4,0.96
PPR-20K,8/1/2016,3,0.72
PPR-20K,8/16/2016,30,7.2
PPR-20K,8/1/2016,30,7.2
PPR-20K,8/10/2016,10,2.4
PPR-20K,8/25/2016,100,24
PPR-20K,8/5/2016,38,9.12
PPR-20K,8/5/2016,62,14.88
PPR-20K,8/29/2016,200,48
PPR-20K,8/30/2016,10,2.4
PPR-20K,8/30/2016,5,1.2
PPR-20K,8/30/2016,10,2.4
PPR-20K,8/30/2016,5,1.2
PPR-20K,9/26/2016,50,12
PPR-20K,9/27/2016,200,48
PPR-20K,10/4/2016,100,24
PPR-20K,10/11/2016,48,11.52
PPR-20K,10/11/2016,252,60.48
PPR-20K,10/13/2016,20,4.8
PPR-20K,10/14/2016,10,2.4
PPR-20K,10/21/2016,40,9.6
PPR-20K,10/21/2016,16,3.84
PPR-20K,10/21/2016,1,0.24
PPR-20K,10/21/2016,4,0.96
PPR-20K,10/21/2016,10,2.4
PPR-20K,10/21/2016,3,0.72
PPR-20K,10/21/2016,2,0.48
PPR-20K,10/21/2016,1,0.24
PPR-20K,10/21/2016,4,0.96
PPR-20K,10/21/2016,2,0.48
PPR-20K,10/21/2016,1,0.24
PPR-20K,10/21/2016,4,0.96
PPR-20K,10/21/2016,40,9.6
PPR-20K,10/22/2016,40,9.6
PPR-20K,10/22/2016,6,1.44
PPR-20K,11/2/2016,32,7.68
PPR-20K,11/2/2016,18,4.32
PPR-20K,10/25/2016,20,4.8
PPR-20K,10/25/2016,1200,288
PPR-20K,10/26/2016,50,12
PPR-20K,10/28/2016,50,12
PPR-20K,11/2/2016,50,12
PPR-20K,11/4/2016,10,2.4
PPR-20K,11/5/2016,2,0.48
PPR-20K,11/5/2016,48,11.52
PPR-20K,11/12/2016,67,16.08
PPR-20K,11/14/2016,50,12
PPR-20K,11/8/2016,50,12
PPR-20K,11/8/2016,200,48
PPR-20K,11/9/2016,50,12
PPR-20K,11/16/2016,30,7.2
PPR-20K,11/16/2016,10,2.4
PPR-20K,11/22/2016,16,3.84
PPR-20K,11/23/2016,800,192
PPR-20K,11/24/2016,200,48
PPR-20K,11/28/2016,30,7.2
PPR-20K,11/29/2016,20,4.8
PPR-20K,12/2/2016,50,12
PPR-20K,12/7/2016,14,3.36
PPR-20K,12/6/2016,100,24
PPR-20K,12/9/2016,20,4.8
PPR-20K,12/8/2016,5,1.2
PPR-20K,12/9/2016,4,0.96
PPR-20K,12/19/2016,20,4.8
PPR-20K,12/21/2016,10,2.4
PPR-20K,12/15/2016,10,2.4
PPR-20K,5/2/2017,2,0.48
PPR-20K,1/3/2017,40,9.6
PPR-20K,1/9/2017,20,4.8
PPR-20K,1/10/2017,10,2.4
PPR-20K,1/10/2017,142,34.08
PPR-20K,1/10/2017,16,3.84
PPR-20K,1/10/2017,242,58.08
PPR-20K,1/12/2017,20,4.8
PPR-20K,1/16/2017,20,4.8
PPR-20K,1/17/2017,400,96
PPR-20K,1/18/2017,8,1.92
PPR-20K,1/24/2017,10,2.4
PPR-20K,1/25/2017,50,12
PPR-20K,1/26/2017,2,0.48
PPR-20K,2/1/2017,400,96
PPR-20K,2/2/2017,100,24
PPR-20K,2/9/2017,300,72
PPR-20K,2/17/2017,50,12
PPR-20K,2/17/2017,50,12
PPR-20K,3/1/2017,20,4.8
PPR-20K,2/20/2017,20,4.8
PPR-20K,2/21/2017,10,2.4
PPR-20K,2/21/2017,40,9.6
PPR-20K,2/22/2017,50,12
PPR-20K,2/28/2017,3,0.72
PPR-20K,3/1/2017,2,0.48
PPR-20K,2/24/2017,15,3.6
PPR-20K,2/28/2017,1,0.24
PPR-20K,2/24/2017,20,4.8
PPR-20K,3/1/2017,600,144
PPR-20K,2/28/2017,135,32.4
PPR-20K,2/28/2017,2,0.48
PPR-20K,2/28/2017,63,15.12
PPR-20K,3/2/2017,332,79.68
PPR-20K,3/2/2017,1,0.24
PPR-20K,3/2/2017,67,16.08
PPR-20K,2/28/2017,12,2.88
PPR-20K,3/2/2017,20,4.8
PPR-20K,2/27/2017,20,4.8
PPR-20K,3/6/2017,10,2.4
PPR-20K,3/7/2017,8,1.92
PPR-20K,3/8/2017,15,3.6
PPR-20K,3/9/2017,4,0.96
PPR-20K,3/11/2017,50,12
PPR-20K,3/16/2017,5,1.2
PPR-20K,3/13/2017,4,0.96
PPR-20K,3/14/2017,50,12
PPR-20K,3/20/2017,10,2.4
PPR-20K,4/11/2017,800,192
PPR-20K,4/13/2017,1,0.24
PPR-20K,4/13/2017,299,71.76
PPR-20K,4/20/2017,3,0.72
PPR-20K,4/14/2017,3,0.72
PPR-20K,4/14/2017,30,7.2
PPR-20K,3/28/2017,200,48
PPR-20K,4/14/2017,30,7.2
PPR-20K,3/29/2017,50,12
PPR-20K,4/26/2017,100,24
PPR-20K,5/2/2017,3,0.72
PPR-20K,3/31/2017,100,24
PPR-20K,3/31/2017,10,2.4
PPR-20K,5/8/2017,10,2.4
PPR-20K,4/3/2017,6,1.44
PPR-20K,5/8/2017,400,96
PPR-20K,5/10/2017,200,48
PPR-20K,4/5/2017,100,24
PPR-20K,5/12/2017,6,1.44
PPR-20K,4/5/2017,100,24
PPR-20K,4/5/2017,12,2.88
PPR-20K,4/5/2017,4,0.96
PPR-20K,4/5/2017,5,1.2
PPR-20K,4/5/2017,179,42.96
PPR-20K,5/12/2017,6,1.44
PPR-20K,4/6/2017,20,4.8
PPR-20K,4/6/2017,30,7.2
PPR-20K,5/13/2017,20,4.8
PPR-20K,5/15/2017,30,7.2
PPR-20K,5/18/2017,40,9.6
PPR-20K,5/20/2017,10,2.4
PPR-20K,5/22/2017,4,0.96
PPR-20K,5/22/2017,10,2.4
PPR-20K,5/22/2017,15,3.6
PPR-20K,5/23/2017,400,96
PPR-20K,5/24/2017,12,2.88
PPR-20K,5/24/2017,3,0.72
PPR-20K,5/24/2017,2,0.48
PPR-20K,5/24/2017,183,43.92
PPR-20K,6/1/2017,20,4.8
PPR-20K,6/2/2017,10,2.4
PPR-20K,5/30/2017,197,47.28
PPR-20K,5/30/2017,103,24.72
PPR-20K,6/3/2017,5,1.2
PPR-20K,6/7/2017,6,1.44
PPR-20K,6/5/2017,100,24
PPR-20K,5/31/2017,50,12
PPR-20K,6/5/2017,600,144
PPR-20K,6/8/2017,10,2.4
PPR-20K,6/9/2017,4,0.96
PPR-20K,6/9/2017,16,3.84
PPR-20K,6/9/2017,116,27.84
PPR-20K,6/9/2017,84,20.16
PPR-20K,6/19/2017,20,4.8
PPR-20K,6/19/2017,200,48
PPR-20K,6/19/2017,20,4.8
PPR-20K,7/17/2017,20,4.8
PPR-20K,7/17/2017,10,2.4
PPR-20K,6/23/2017,30,7.2
PPR-20K,7/19/2017,100,24
PPR-20K,7/17/2017,10,2.4
PPR-20K,7/18/2017,600,144
PPR-20K,7/19/2017,26,6.24
PPR-20K,7/19/2017,24,5.76
PPR-20K,7/24/2017,200,48
PPR-20K,7/27/2017,76,18.24
PPR-20K,7/27/2017,6,1.44
PPR-20K,7/27/2017,18,4.32
PPR-20K,8/22/2017,164,39.36
PPR-20K,8/22/2017,36,8.64
PPR-20K,8/17/2017,30,7.2
PPR-20K,7/29/2017,20,4.8
PPR-20K,8/1/2017,0,0
PPR-20K,8/1/2017,50,12
PPR-20K,7/31/2017,30,7.2
PPR-20K,8/23/2017,4,0.96
PPR-20K,7/3/2017,6,1.44
PPR-20K,7/3/2017,100,24
PPR-20K,8/24/2017,100,24
PPR-20K,7/4/2017,200,48
PPR-20K,8/1/2017,20,4.8
PPR-20K,7/5/2017,30,7.2
PPR-20K,7/5/2017,200,48
PPR-20K,8/1/2017,40,9.6
PPR-20K,8/28/2017,30,7.2
PPR-20K,8/24/2017,20,4.8
PPR-20K,7/8/2017,50,12
PPR-20K,7/8/2017,20,4.8
PPR-20K,7/10/2017,200,48
PPR-20K,7/10/2017,60,14.4
PPR-20K,7/10/2017,200,48
PPR-20K,7/10/2017,140,33.6
PPR-20K,8/31/2017,2,0.48
PPR-20K,8/31/2017,1,0.24
PPR-20K,8/31/2017,4,0.96
PPR-20K,7/11/2017,10,2.4
PPR-20K,8/31/2017,20,4.8
PPR-20K,9/4/2017,20,4.8
PPR-20K,7/12/2017,4,0.96
PPR-20K,9/18/2017,50,12
PPR-20K,9/4/2017,11,2.64
PPR-20K,9/4/2017,89,21.36
PPR-20K,9/4/2017,40,9.6
PPR-20K,9/18/2017,1,0.24
PPR-20K,9/18/2017,19,4.56
PPR-20K,9/5/2017,10,2.4
PPR-20K,9/19/2017,20,4.8
PPR-20K,7/15/2017,6,1.44
PPR-20K,11/11/2017,35,8.4
PPR-20K,8/4/2017,20,4.8
PPR-20K,8/4/2017,5,1.2
PPR-20K,9/29/2017,30,7.2
PPR-20K,8/7/2017,50,12
PPR-20K,8/8/2017,4,0.96
PPR-20K,8/8/2017,4,0.96
PPR-20K,8/8/2017,2,0.48
PPR-20K,8/8/2017,2,0.48
PPR-20K,8/8/2017,50,12
PPR-20K,8/8/2017,200,48
PPR-20K,8/8/2017,10,2.4
PPR-20K,8/8/2017,1,0.24
PPR-20K,8/11/2017,40,9.6
PPR-20K,8/11/2017,12,2.88
PPR-20K,8/11/2017,12,2.88
PPR-20K,9/22/2017,10,2.4
PPR-20K,9/11/2017,10,2.4
PPR-20K,9/11/2017,200,48
PPR-20K,9/25/2017,40,9.6
PPR-20K,9/25/2017,6,1.44
PPR-20K,9/26/2017,200,48
PPR-20K,9/29/2017,10,2.4
PPR-20K,9/29/2017,60,14.4
PPR-20K,10/20/2017,6,1.44
PPR-20K,10/23/2017,5,1.2
PPR-20K,10/23/2017,1,0.24
PPR-20K,10/23/2017,94,22.56
PPR-20K,10/25/2017,30,7.2
PPR-20K,10/26/2017,38,9.12
PPR-20K,11/8/2017,6,1.44
PPR-20K,11/13/2017,6,1.44
PPR-20K,11/13/2017,20,4.8
PPR-20K,11/13/2017,6,1.44
PPR-20K,11/14/2017,200,48
PPR-20K,11/6/2017,2,0.48
PPR-20K,11/6/2017,36,8.64
PPR-20K,11/6/2017,12,2.88
PPR-20K,11/7/2017,30,7.2
PPR-20K,11/16/2017,100,24
PPR-20K,11/17/2017,32,7.68
PPR-20K,11/17/2017,6,1.44
PPR-20K,11/17/2017,2,0.48
PPR-20K,11/27/2017,200,48
PPR-20K,11/28/2017,50,12
PPR-20K,12/4/2017,200,48
PPR-20K,12/9/2017,60,14.4
PPR-20K,12/9/2017,12,2.88
PPR-20K,12/9/2017,2,0.48
PPR-20K,12/15/2017,14,3.36
PPR-20K,12/15/2017,14,3.36
PPR-20K,12/18/2017,20,4.8
PPR-20K,1/2/2018,30,7.2
PPR-20K,1/9/2018,0,0
PPR-20K,1/9/2018,0,0
PPR-20K,1/9/2018,0,0
PPR-20K,1/9/2018,24,5.76
PPR-20K,1/9/2018,35,8.4
PPR-20K,1/9/2018,41,9.84
PPR-20K,1/17/2018,0,0
PPR-20K,1/17/2018,100,24
PPR-20K,1/22/2018,59,14.16
PPR-20K,1/22/2018,41,9.84
PPR-20K,1/22/2018,200,44
PPR-20K,1/27/2018,6,1.44
PPR-20K,1/30/2018,200,44
PPR-20K,2/14/2018,198,43.56
PPR-20K,2/14/2018,2,0.44
PPR-20K,2/14/2018,3,0.72
PPR-20K,2/14/2018,2,0.44
PPR-20K,2/15/2018,100,22
PPR-20K,2/16/2018,30,6.6
PPR-20K,2/19/2018,20,4.4
PPR-20K,2/8/2018,153,36.72
PPR-20K,2/8/2018,147,35.28
PPR-20K,2/19/2018,600,132
PPR-20K,2/8/2018,10,2.4
PPR-20K,2/10/2018,10,2.4
PPR-20K,2/12/2018,30,7.2
PPR-20K,2/27/2018,48,10.56
PPR-20K,2/27/2018,2,0.44
PPR-20K,3/5/2018,200,44
PPR-20K,3/8/2018,20,4.4
PPR-20K,3/8/2018,30,6.6
PPR-20K,3/8/2018,100,22
PPR-20K,3/19/2018,1,0.24
PPR-20K,3/13/2018,10,2.2
PPR-20K,3/13/2018,10,2.2
PPR-20K,3/20/2018,200,44
PPR-20K,3/14/2018,200,44
PPR-20K,3/14/2018,6,1.44
PPR-20K,3/22/2018,30,6.6
PPR-20K,3/23/2018,10,2.2
PPR-20K,3/16/2018,2,0.48
PPR-20K,3/16/2018,4,0.96
PPR-20K,3/16/2018,12,2.64
PPR-20K,3/16/2018,12,2.64
PPR-20K,3/27/2018,200,44
PPR-20K,3/28/2018,20,4.4
PPR-20K,4/5/2018,50,11
PPR-20K,4/9/2018,2,0.44
PPR-20K,4/10/2018,50,11
PPR-20K,4/11/2018,1,0.22
PPR-20K,4/17/2018,54,11.88
PPR-20K,4/17/2018,1,0.22
PPR-20K,4/17/2018,145,31.9
PPR-20K,4/23/2018,20,4.4
PPR-20K,4/23/2018,200,44
PPR-20K,4/20/2018,10,2.2
PPR-20K,5/14/2018,2,0.44
PPR-20K,5/7/2018,25,5.5
PPR-20K,5/7/2018,75,16.5
PPR-20K,5/8/2018,200,44
PPR-20K,5/16/2018,100,22
PPR-20K,6/11/2018,200,44
PPR-20K,5/12/2018,0,0
PPR-20K,5/22/2018,2,0.72
PPR-20K,5/22/2018,3,1.08
PPR-20K,5/22/2018,23,5.06
PPR-20K,5/22/2018,77,16.94
PPR-20K,5/23/2018,2,0.72
PPR-20K,5/23/2018,3,1.08
PPR-20K,5/23/2018,1,0.24
PPR-20K,5/23/2018,4,0.96
PPR-20K,6/7/2018,29,6.38
PPR-20K,6/7/2018,171,37.62
PPR-20K,5/25/2018,4,0.88
PPR-20K,5/25/2018,4,0.96
PPR-20K,5/25/2018,6,1.44
PPR-20K,5/25/2018,10,2.4
PPR-20K,5/25/2018,4,0.88
PPR-20K,6/12/2018,4,0.88
PPR-20K,6/11/2018,4,0.88
PPR-20K,5/28/2018,30,6.6
PPR-20K,6/14/2018,25,5.5
PPR-20K,6/14/2018,4,0.88
PPR-20K,6/14/2018,21,4.62
PPR-20K,6/21/2018,169,37.18
PPR-20K,6/21/2018,31,6.82
PPR-20K,6/28/2018,8,1.76
PPR-20K,6/16/2018,10,2.2
PPR-20K,6/26/2018,200,44
PPR-20K,6/26/2018,200,44
PPR-20K,6/1/2018,20,4.4
PPR-20K,6/1/2018,20,4.4
PPR-20K,6/4/2018,40,8.8
PPR-20K,6/4/2018,200,44
PPR-20K,6/26/2018,30,6.6
PPR-20K,7/16/2018,400,88
PPR-20K,7/19/2018,11,2.42
PPR-20K,7/19/2018,89,19.58
PPR-20K,7/2/2018,20,4.4
PPR-20K,7/4/2018,100,22
PPR-20K,8/1/2018,20,4.4
PPR-20K,8/1/2018,30,6.6
PPR-20K,8/1/2018,61,13.42
PPR-20K,8/1/2018,139,30.58
PPR-20K,7/9/2018,11,2.42
PPR-20K,7/9/2018,189,41.58
PPR-20K,7/23/2018,200,44
PPR-20K,7/10/2018,11,2.42
PPR-20K,7/10/2018,89,19.58
PPR-20K,7/10/2018,100,22
PPR-20K,8/6/2018,200,44
PPR-20K,8/11/2018,20,4.4
PPR-20K,8/22/2018,41,9.02
PPR-20K,8/22/2018,159,34.98
PPR-20K,8/27/2018,10,2.2
PPR-20K,8/17/2018,4,0.96
PPR-20K,8/17/2018,6,1.32
PPR-20K,8/17/2018,200,46
PPR-20K,8/17/2018,200,46
PPR-20K,8/18/2018,6,1.32
PPR-20K,8/28/2018,20,4.4
PPR-20K,8/28/2018,200,46
PPR-20K,9/5/2018,10,2.3
PPR-20K,9/6/2018,155,35.65
PPR-20K,9/6/2018,145,33.35
PPR-20K,9/6/2018,30,6.9
PPR-20K,9/4/2018,200,46
PPR-20K,9/10/2018,200,46
PPR-20K,9/3/2018,11,2.42
PPR-20K,9/3/2018,5,1.15
PPR-20K,9/3/2018,11,2.42
PPR-20K,9/3/2018,5,1.15
PPR-20K,9/18/2018,3,0.69
PPR-20K,9/19/2018,3,0.69
PPR-20K,9/20/2018,20,4.6
PPR-20K,10/15/2018,5,1.15
PPR-20K,10/15/2018,45,10.35
PPR-20K,9/27/2018,30,6.9
PPR-20K,9/27/2018,2,0.46
PPR-20K,9/27/2018,3,0.69
PPR-20K,9/27/2018,195,44.85
PPR-20K,10/22/2018,5,1.15
PPR-20K,10/23/2018,20,4.6
PPR-20K,11/10/2018,13,2.99
PPR-20K,10/30/2018,2,0.46
PPR-20K,11/13/2018,28,6.44
PPR-20K,11/13/2018,2,0.46
PPR-20K,11/13/2018,200,46
PPR-20K,11/20/2018,200,46
PPR-20K,11/15/2018,198,45.54
PPR-20K,11/15/2018,102,23.46
PPR-20K,10/11/2018,400,92
PPR-20K,11/21/2018,10,2.3
PPR-20K,11/5/2018,100,23
PPR-20K,11/22/2018,4,0.92
PPR-20K,11/23/2018,5,1.15
PPR-20K,12/3/2018,400,92
PPR-20K,11/29/2018,279,64.17
PPR-20K,11/29/2018,13,2.99
PPR-20K,11/29/2018,8,1.84
PPR-20K,12/18/2018,200,46
PPR-20K,12/27/2018,20,4.6
PPR-20K,12/27/2018,20,4.6
PPR-20K,1/4/2019,20,4.6
PPR-20K,1/14/2019,200,46
PPR-20K,1/10/2019,132,30.36
PPR-20K,1/10/2019,200,46
PPR-20K,1/10/2019,68,15.64
PPR-20K,1/23/2019,200,46
PPR-20K,1/31/2019,100,23
PPR-20K,2/4/2019,100,23
PPR-20K,2/4/2019,100,23
PPR-20K,2/5/2019,32,7.36
PPR-20K,2/5/2019,8,1.84
PPR-20K,2/7/2019,192,44.16
PPR-20K,2/7/2019,8,1.84
PPR-20K,2/8/2019,20,4.6
PPR-20K,2/11/2019,200,46
PPR-20K,2/11/2019,12,2.76
PPR-20K,2/18/2019,10,2.3
PPR-20K,2/18/2019,200,46
PPR-20K,2/20/2019,30,6.9
PPR-20K,2/20/2019,10,2.3
PPR-20K,2/23/2019,100,23
PPR-20K,3/5/2019,10,2.3
PPR-20K,3/5/2019,100,23
PPR-20K,3/5/2019,90,20.7
PPR-20K,3/14/2019,6,1.38
PPR-20K,3/14/2019,200,46
PPR-20K,3/18/2019,4,0.92
PPR-20K,3/18/2019,96,22.08
PPR-20K,3/19/2019,40,9.2
PPR-20K,3/19/2019,64,14.72
PPR-20K,3/19/2019,36,8.28
PPR-20K,3/26/2019,400,92
PPR-20K,3/26/2019,40,9.2
PPR-20K,3/26/2019,20,4.6
PPR-20K,4/1/2019,100,23
PPR-20K,4/2/2019,4,0.92
PPR-20K,4/2/2019,96,22.08
PPR-20K,4/3/2019,4,0.88
PPR-20K,4/3/2019,20,4.4
PPR-20K,4/3/2019,11,2.42
PPR-20K,4/3/2019,5,1.15
PPR-20K,4/3/2019,4,0.88
PPR-20K,4/3/2019,20,4.4
PPR-20K,4/3/2019,11,2.42
PPR-20K,4/3/2019,5,1.15
PPR-20K,4/13/2019,10,2.3
PPR-20K,4/13/2019,10,2.3
PPR-20K,4/19/2019,20,4.6
PPR-20K,4/24/2019,200,46
PPR-20K,4/26/2019,8,1.76
PPR-20K,5/7/2019,30,6.9
PPR-20K,5/9/2019,30,6.9
PPR-20K,5/10/2019,4,0.92
PPR-20K,5/10/2019,2,0.46
PPR-20K,5/11/2019,20,4.6
PPR-20K,5/10/2019,100,23
PPR-20K,5/11/2019,20,4.6
PPR-20K,5/14/2019,3,0.69
PPR-20K,5/16/2019,2,0.46
PPR-20K,5/20/2019,50,11.5
PPR-20K,5/20/2019,4,0.92
PPR-20K,5/20/2019,2,0.46
PPR-20K,5/22/2019,4,0.92
PPR-20K,5/22/2019,4,0.92
PPR-20K,5/24/2019,4,0.92
PPR-20K,5/27/2019,200,46
PPR-20K,5/28/2019,10,2.3
PPR-20K,5/30/2019,8,1.84
PPR-20K,6/3/2019,200,46
PPR-20K,6/13/2019,100,23
PPR-20K,6/13/2019,113,25.99
PPR-20K,6/13/2019,2,0.46
PPR-20K,6/13/2019,4,0.92
PPR-20K,6/13/2019,181,41.63
PPR-20K,6/18/2019,19,4.37
PPR-20K,6/18/2019,31,7.13
PPR-20K,6/19/2019,50,11.5
PPR-20K,6/25/2019,100,23
PPR-20K,6/25/2019,200,46
PPR-20K,6/27/2019,19,4.37
PPR-20K,6/27/2019,81,18.63
PPR-20K,6/28/2019,600,132
PPR-20K,7/2/2019,100,23
PPR-20K,7/12/2019,10,2.3
PPR-20K,7/15/2019,9,2.07
PPR-20K,7/15/2019,91,20.93
PPR-20K,7/15/2019,100,23
PPR-20K,7/16/2019,9,2.07
PPR-20K,7/16/2019,91,20.02
PPR-20K,7/22/2019,15,3.3
PPR-20K,7/22/2019,200,46
PPR-20K,7/25/2019,30,6.6
PPR-20K,7/25/2019,100,22
PPR-20K,7/27/2019,10,2.2
PPR-20K,7/29/2019,200,44
PPR-20K,7/29/2019,200,46
PPR-20K,7/30/2019,100,22
PPR-20K,7/31/2019,12,2.64
PPR-20K,8/1/2019,25,5.5
PPR-20K,8/2/2019,17,3.74
PPR-20K,8/2/2019,183,42.09
PPR-20K,8/6/2019,400,92
PPR-20K,8/6/2019,400,92
PPR-20K,8/6/2019,17,3.91
PPR-20K,8/6/2019,200,46
PPR-20K,8/6/2019,83,19.09
PPR-20K,8/8/2019,100,23
PPR-20K,8/8/2019,2,0.46
PPR-20K,8/9/2019,20,4.6
PPR-20K,8/13/2019,200,46
